file,dish_id,group,grid_pos,area_1376,area_1462,ratio_1376_1462,720cm_PE_flag
KDC1(OPAQUE)_1A.csv,KDC1,Opaque,1A,1.277982,2.5169,0.5078,True
KDC1(OPAQUE)_1B.csv,KDC1,Opaque,1B,1.085482,2.1756,0.4989,True
KDC1(OPAQUE)_1C.csv,KDC1,Opaque,1C,0.499964,1.0556,0.4736,True
KDC1(OPAQUE)_1D.csv,KDC1,Opaque,1D,1.250109,2.4745,0.5052,True
KDC1(OPAQUE)_1E.csv,KDC1,Opaque,1E,0.608555,1.2508,0.4865,True
KDC1(OPAQUE)_2A.csv,KDC1,Opaque,2A,1.250045,2.4783,0.5044,True
KDC1(OPAQUE)_2B.csv,KDC1,Opaque,2B,0.957445,2.0315,0.4713,True
KDC1(OPAQUE)_2C.csv,KDC1,Opaque,2C,0.932727,1.9109,0.4881,True
KDC1(OPAQUE)_2D.csv,KDC1,Opaque,2D,1.097,2.2555,0.4864,True
KDC1(OPAQUE)_2E.csv,KDC1,Opaque,2E,1.196409,2.4072,0.497,True
KDC1(OPAQUE)_3A.csv,KDC1,Opaque,3A,1.249173,2.4452,0.5109,True
KDC1(OPAQUE)_3B.csv,KDC1,Opaque,3B,1.179536,2.3726,0.4971,True
KDC1(OPAQUE)_3C.csv,KDC1,Opaque,3C,1.081255,2.2365,0.4835,True
KDC1(OPAQUE)_3D.csv,KDC1,Opaque,3D,1.145882,2.3213,0.4936,True
KDC1(OPAQUE)_3E.csv,KDC1,Opaque,3E,1.208209,2.4478,0.4936,True
KDC1(OPAQUE)_4A.csv,KDC1,Opaque,4A,0.953664,2.0091,0.4747,True
KDC1(OPAQUE)_4B.csv,KDC1,Opaque,4B,1.205836,2.4006,0.5023,True
KDC1(OPAQUE)_4C.csv,KDC1,Opaque,4C,1.098218,2.2324,0.4919,True
KDC1(OPAQUE)_4D.csv,KDC1,Opaque,4D,1.152755,2.4115,0.478,True
KDC1(OPAQUE)_4E.csv,KDC1,Opaque,4E,1.1259,2.3686,0.4753,True
KDC1(OPAQUE)_5A.csv,KDC1,Opaque,5A,1.250327,2.4063,0.5196,True
KDC1(OPAQUE)_5B.csv,KDC1,Opaque,5B,1.220909,2.4053,0.5076,True
KDC1(OPAQUE)_5C.csv,KDC1,Opaque,5C,1.176191,2.3717,0.4959,True
KDC1(OPAQUE)_5D.csv,KDC1,Opaque,5D,1.121291,2.3762,0.4719,True
KDC1(OPAQUE)_5E.csv,KDC1,Opaque,5E,1.084455,2.3075,0.47,True
KDC10_1A.csv,KDC10,Clear,1A,1.667955,2.8247,0.5905,True
KDC10_1B.csv,KDC10,Clear,1B,1.632118,2.8401,0.5747,True
KDC10_1C.csv,KDC10,Clear,1C,1.493455,2.8035,0.5327,True
KDC10_1D.csv,KDC10,Clear,1D,1.399382,2.7819,0.503,True
KDC10_1E.csv,KDC10,Clear,1E,1.391573,2.7781,0.5009,True
KDC10_2A.csv,KDC10,Clear,2A,1.663673,2.8102,0.592,True
KDC10_2B.csv,KDC10,Clear,2B,1.630718,2.7738,0.5879,True
KDC10_2C.csv,KDC10,Clear,2C,1.470573,2.6838,0.5479,True
KDC10_2D.csv,KDC10,Clear,2D,1.364048,2.7457,0.4968,True
KDC10_2E.csv,KDC10,Clear,2E,1.406212,2.767,0.5082,True
KDC10_3A.csv,KDC10,Clear,3A,1.588436,2.7899,0.5694,True
KDC10_3B.csv,KDC10,Clear,3B,1.585255,2.7852,0.5692,True
KDC10_3C.csv,KDC10,Clear,3C,1.069445,2.0799,0.5142,True
KDC10_3D.csv,KDC10,Clear,3D,1.558518,2.7912,0.5584,True
KDC10_3E.csv,KDC10,Clear,3E,1.5578,2.7887,0.5586,True
KDC10_4A.csv,KDC10,Clear,4A,1.4784,2.7814,0.5315,True
KDC10_4B.csv,KDC10,Clear,4B,1.403552,2.7708,0.5066,True
KDC10_4C.csv,KDC10,Clear,4C,1.445676,2.7532,0.5251,True
KDC10_4D.csv,KDC10,Clear,4D,1.613982,2.7564,0.5855,True
KDC10_4E.csv,KDC10,Clear,4E,1.626809,2.7762,0.586,True
KDC10_5A.csv,KDC10,Clear,5A,1.442527,2.7292,0.5286,True
KDC10_5B.csv,KDC10,Clear,5B,1.364012,2.7343,0.4989,True
KDC10_5C.csv,KDC10,Clear,5C,1.399867,2.7591,0.5074,True
KDC10_5D.csv,KDC10,Clear,5D,1.529573,2.7863,0.549,True
KDC10_5E.csv,KDC10,Clear,5E,1.625627,2.787,0.5833,True
KDC11_1A.csv,KDC11,Clear,1A,1.600291,2.7498,0.582,True
KDC11_1B.csv,KDC11,Clear,1B,1.601009,2.7599,0.5801,True
KDC11_1C.csv,KDC11,Clear,1C,0.900645,1.6534,0.5447,True
KDC11_1D.csv,KDC11,Clear,1D,1.403252,2.7396,0.5122,True
KDC11_1E.csv,KDC11,Clear,1E,1.377203,2.7517,0.5005,True
KDC11_2A.csv,KDC11,Clear,2A,1.623527,2.7666,0.5868,True
KDC11_2B.csv,KDC11,Clear,2B,1.631636,2.7595,0.5913,True
KDC11_2C.csv,KDC11,Clear,2C,1.48967,2.7348,0.5447,True
KDC11_2D.csv,KDC11,Clear,2D,1.354618,2.7135,0.4992,True
KDC11_2E.csv,KDC11,Clear,2E,1.411397,2.7287,0.5172,True
KDC11_3A.csv,KDC11,Clear,3A,1.561009,2.7538,0.5669,True
KDC11_3B.csv,KDC11,Clear,3B,1.556691,2.7483,0.5664,True
KDC11_3C.csv,KDC11,Clear,3C,1.406991,2.5628,0.549,True
KDC11_3D.csv,KDC11,Clear,3D,1.538373,2.6996,0.5699,True
KDC11_3E.csv,KDC11,Clear,3E,1.552773,2.735,0.5677,True
KDC11_4A.csv,KDC11,Clear,4A,1.516155,2.7464,0.5521,True
KDC11_4B.csv,KDC11,Clear,4B,1.433636,2.7259,0.5259,True
KDC11_4C.csv,KDC11,Clear,4C,1.386942,2.7211,0.5097,True
KDC11_4D.csv,KDC11,Clear,4D,1.5727,2.7311,0.5758,True
KDC11_4E.csv,KDC11,Clear,4E,1.617773,2.7406,0.5903,True
KDC11_5A.csv,KDC11,Clear,5A,1.480891,2.728,0.5428,True
KDC11_5B.csv,KDC11,Clear,5B,1.391042,2.7227,0.5109,True
KDC11_5C.csv,KDC11,Clear,5C,1.346718,2.7003,0.4987,True
KDC11_5D.csv,KDC11,Clear,5D,1.434491,2.7112,0.5291,True
KDC11_5E.csv,KDC11,Clear,5E,1.508509,2.7236,0.5539,True
KDC12_1A.csv,KDC12,Clear,1A,1.664164,2.8126,0.5917,True
KDC12_1B.csv,KDC12,Clear,1B,1.647836,2.8004,0.5884,True
KDC12_1C.csv,KDC12,Clear,1C,1.53337,2.779,0.5518,True
KDC12_1D.csv,KDC12,Clear,1D,1.442212,2.7724,0.5202,True
KDC12_1E.csv,KDC12,Clear,1E,1.397173,2.7782,0.5029,True
KDC12_2A.csv,KDC12,Clear,2A,1.634,2.7902,0.5856,True
KDC12_2B.csv,KDC12,Clear,2B,1.598836,2.7671,0.5778,True
KDC12_2C.csv,KDC12,Clear,2C,1.412988,2.7284,0.5179,True
KDC12_2D.csv,KDC12,Clear,2D,1.3523,2.6541,0.5095,True
KDC12_2E.csv,KDC12,Clear,2E,1.477036,2.7597,0.5352,True
KDC12_3A.csv,KDC12,Clear,3A,1.617927,2.776,0.5828,True
KDC12_3B.csv,KDC12,Clear,3B,1.603455,2.7708,0.5787,True
KDC12_3C.csv,KDC12,Clear,3C,1.3349,2.4366,0.5479,True
KDC12_3D.csv,KDC12,Clear,3D,1.537855,2.7593,0.5573,True
KDC12_3E.csv,KDC12,Clear,3E,1.550545,2.7701,0.5597,True
KDC12_4A.csv,KDC12,Clear,4A,1.443206,2.7542,0.524,True
KDC12_4B.csv,KDC12,Clear,4B,1.390258,2.745,0.5065,True
KDC12_4C.csv,KDC12,Clear,4C,1.447991,2.7437,0.5278,True
KDC12_4D.csv,KDC12,Clear,4D,1.6235,2.7621,0.5878,True
KDC12_4E.csv,KDC12,Clear,4E,1.608745,2.7739,0.58,True
KDC12_5A.csv,KDC12,Clear,5A,1.447691,2.7593,0.5247,True
KDC12_5B.csv,KDC12,Clear,5B,1.371779,2.7243,0.5035,True
KDC12_5C.csv,KDC12,Clear,5C,1.309727,2.7151,0.4824,True
KDC12_5D.csv,KDC12,Clear,5D,1.371945,2.7156,0.5052,True
KDC12_5E.csv,KDC12,Clear,5E,1.462045,2.7191,0.5377,True
KDC13_1A.csv,KDC13,Clear,1A,1.672527,2.8179,0.5935,True
KDC13_1B.csv,KDC13,Clear,1B,1.610064,2.7953,0.576,True
KDC13_1C.csv,KDC13,Clear,1C,1.488191,2.7632,0.5386,True
KDC13_1D.csv,KDC13,Clear,1D,1.400358,2.7531,0.5086,True
KDC13_1E.csv,KDC13,Clear,1E,1.369355,2.7203,0.5034,True
KDC13_2A.csv,KDC13,Clear,2A,1.643636,2.7581,0.5959,True
KDC13_2B.csv,KDC13,Clear,2B,1.624227,2.7201,0.5971,True
KDC13_2C.csv,KDC13,Clear,2C,1.491536,2.7311,0.5461,True
KDC13_2D.csv,KDC13,Clear,2D,1.095736,2.1813,0.5023,True
KDC13_2E.csv,KDC13,Clear,2E,1.422773,2.7042,0.5261,True
KDC13_3A.csv,KDC13,Clear,3A,1.4962,2.7048,0.5532,True
KDC13_3B.csv,KDC13,Clear,3B,1.508645,2.6912,0.5606,True
KDC13_3C.csv,KDC13,Clear,3C,1.040691,2.0118,0.5173,True
KDC13_3D.csv,KDC13,Clear,3D,1.479109,2.7133,0.5451,True
KDC13_3E.csv,KDC13,Clear,3E,1.505555,2.7146,0.5546,True
KDC13_4A.csv,KDC13,Clear,4A,1.423073,2.7042,0.5262,True
KDC13_4B.csv,KDC13,Clear,4B,1.366009,2.683,0.5091,True
KDC13_4C.csv,KDC13,Clear,4C,1.433373,2.675,0.5358,True
KDC13_4D.csv,KDC13,Clear,4D,1.609645,2.6946,0.5974,True
KDC13_4E.csv,KDC13,Clear,4E,1.589991,2.6857,0.592,True
KDC13_5A.csv,KDC13,Clear,5A,1.372455,2.6213,0.5236,True
KDC13_5B.csv,KDC13,Clear,5B,1.3369,2.6377,0.5068,True
KDC13_5C.csv,KDC13,Clear,5C,1.355982,2.6442,0.5128,True
KDC13_5D.csv,KDC13,Clear,5D,1.469155,2.6541,0.5535,True
KDC13_5E.csv,KDC13,Clear,5E,1.546973,2.6772,0.5778,True
KDC14_1A.csv,KDC14,Clear,1A,1.646564,2.7945,0.5892,True
KDC14_1B.csv,KDC14,Clear,1B,1.642991,2.7989,0.587,True
KDC14_1C.csv,KDC14,Clear,1C,1.563855,2.7928,0.56,True
KDC14_1D.csv,KDC14,Clear,1D,1.448809,2.7745,0.5222,True
KDC14_1E.csv,KDC14,Clear,1E,1.401297,2.7731,0.5053,True
KDC14_2A.csv,KDC14,Clear,2A,1.603309,2.7785,0.577,True
KDC14_2B.csv,KDC14,Clear,2B,1.635173,2.7523,0.5941,True
KDC14_2C.csv,KDC14,Clear,2C,1.536036,2.7642,0.5557,True
KDC14_2D.csv,KDC14,Clear,2D,1.321879,2.635,0.5017,True
KDC14_2E.csv,KDC14,Clear,2E,1.404782,2.7293,0.5147,True
KDC14_3A.csv,KDC14,Clear,3A,1.539691,2.7514,0.5596,True
KDC14_3B.csv,KDC14,Clear,3B,1.522391,2.7419,0.5552,True
KDC14_3C.csv,KDC14,Clear,3C,1.057291,2.0069,0.5268,True
KDC14_3D.csv,KDC14,Clear,3D,1.523745,2.7256,0.559,True
KDC14_3E.csv,KDC14,Clear,3E,1.511236,2.7566,0.5482,True
KDC14_4A.csv,KDC14,Clear,4A,1.515391,2.7724,0.5466,True
KDC14_4B.csv,KDC14,Clear,4B,1.420327,2.75,0.5165,True
KDC14_4C.csv,KDC14,Clear,4C,1.390909,2.7212,0.5111,True
KDC14_4D.csv,KDC14,Clear,4D,1.576127,2.7075,0.5821,True
KDC14_4E.csv,KDC14,Clear,4E,1.619218,2.7307,0.593,True
KDC14_5A.csv,KDC14,Clear,5A,1.463009,2.7186,0.5381,True
KDC14_5B.csv,KDC14,Clear,5B,1.388309,2.7188,0.5106,True
KDC14_5C.csv,KDC14,Clear,5C,1.358055,2.7191,0.4995,True
KDC14_5D.csv,KDC14,Clear,5D,1.437636,2.7191,0.5287,True
KDC14_5E.csv,KDC14,Clear,5E,1.502982,2.7314,0.5503,True
KDC15_1A.csv,KDC15,Clear,1A,1.717503,2.8553,0.6015,True
KDC15_1B.csv,KDC15,Clear,1B,1.680418,2.8531,0.589,True
KDC15_1C.csv,KDC15,Clear,1C,1.5544,2.8363,0.548,True
KDC15_1D.csv,KDC15,Clear,1D,1.4729,2.83,0.5205,True
KDC15_1E.csv,KDC15,Clear,1E,1.4765,2.8321,0.5213,True
KDC15_2A.csv,KDC15,Clear,2A,1.7334,2.8438,0.6095,True
KDC15_2B.csv,KDC15,Clear,2B,1.7373,2.8404,0.6116,True
KDC15_2C.csv,KDC15,Clear,2C,1.3962,2.6069,0.5356,True
KDC15_2D.csv,KDC15,Clear,2D,1.127,2.2371,0.5038,True
KDC15_2E.csv,KDC15,Clear,2E,1.4427,2.7567,0.5233,True
KDC15_3A.csv,KDC15,Clear,3A,1.5759,2.7873,0.5654,True
KDC15_3B.csv,KDC15,Clear,3B,1.5322,2.7163,0.5641,True
KDC15_3C.csv,KDC15,Clear,3C,1.1551,2.2025,0.5244,True
KDC15_3D.csv,KDC15,Clear,3D,1.5234,2.7217,0.5597,True
KDC15_3E.csv,KDC15,Clear,3E,1.5459,2.7834,0.5554,True
KDC15_4A.csv,KDC15,Clear,4A,1.5257,2.8045,0.544,True
KDC15_4B.csv,KDC15,Clear,4B,1.3108,2.5876,0.5066,True
KDC15_4C.csv,KDC15,Clear,4C,1.423,2.6742,0.5321,True
KDC15_4D.csv,KDC15,Clear,4D,1.654591,2.7482,0.6021,True
KDC15_4E.csv,KDC15,Clear,4E,1.653736,2.7613,0.5989,True
KDC15_5A.csv,KDC15,Clear,5A,1.4412,2.7503,0.524,True
KDC15_5B.csv,KDC15,Clear,5B,1.397827,2.7343,0.5112,True
KDC15_5C.csv,KDC15,Clear,5C,1.375945,2.7159,0.5066,True
KDC15_5D.csv,KDC15,Clear,5D,1.444155,2.7073,0.5334,True
KDC15_5E.csv,KDC15,Clear,5E,1.446182,2.7127,0.5331,True
KDC16_1A.csv,KDC16,Clear,1A,1.7081,2.8501,0.5993,True
KDC16_1B.csv,KDC16,Clear,1B,1.660836,2.8363,0.5856,True
KDC16_1C.csv,KDC16,Clear,1C,1.517255,2.8163,0.5387,True
KDC16_1D.csv,KDC16,Clear,1D,1.427836,2.8086,0.5084,True
KDC16_1E.csv,KDC16,Clear,1E,1.400233,2.799,0.5003,True
KDC16_2A.csv,KDC16,Clear,2A,1.693273,2.8179,0.6009,True
KDC16_2B.csv,KDC16,Clear,2B,1.650155,2.8029,0.5887,True
KDC16_2C.csv,KDC16,Clear,2C,1.528236,2.7828,0.5492,True
KDC16_2D.csv,KDC16,Clear,2D,1.206512,2.4308,0.4963,True
KDC16_2E.csv,KDC16,Clear,2E,1.425982,2.7882,0.5114,True
KDC16_3A.csv,KDC16,Clear,3A,1.5696,2.8008,0.5604,True
KDC16_3B.csv,KDC16,Clear,3B,1.576891,2.7768,0.5679,True
KDC16_3C.csv,KDC16,Clear,3C,1.118927,2.179,0.5135,True
KDC16_3D.csv,KDC16,Clear,3D,1.460436,2.6687,0.5472,True
KDC16_3E.csv,KDC16,Clear,3E,1.513491,2.7744,0.5455,True
KDC16_4A.csv,KDC16,Clear,4A,1.516527,2.7735,0.5468,True
KDC16_4B.csv,KDC16,Clear,4B,1.440827,2.7536,0.5233,True
KDC16_4C.csv,KDC16,Clear,4C,1.431918,2.7201,0.5264,True
KDC16_4D.csv,KDC16,Clear,4D,1.637,2.751,0.5951,True
KDC16_4E.csv,KDC16,Clear,4E,1.649509,2.7786,0.5936,True
KDC16_5A.csv,KDC16,Clear,5A,1.381755,2.7236,0.5073,True
KDC16_5B.csv,KDC16,Clear,5B,1.330764,2.6951,0.4938,True
KDC16_5C.csv,KDC16,Clear,5C,1.394173,2.7242,0.5118,True
KDC16_5D.csv,KDC16,Clear,5D,1.533191,2.7552,0.5565,True
KDC16_5E.csv,KDC16,Clear,5E,1.596391,2.7669,0.577,True
KDC17_1A.csv,KDC17,Clear,1A,1.698955,2.8403,0.5982,True
KDC17_1B.csv,KDC17,Clear,1B,1.659855,2.8326,0.586,True
KDC17_1C.csv,KDC17,Clear,1C,1.53333,2.8167,0.5444,True
KDC17_1D.csv,KDC17,Clear,1D,1.446258,2.8074,0.5152,True
KDC17_1E.csv,KDC17,Clear,1E,1.417464,2.7962,0.5069,True
KDC17_2A.csv,KDC17,Clear,2A,1.6958,2.8313,0.5989,True
KDC17_2B.csv,KDC17,Clear,2B,1.657564,2.8189,0.588,True
KDC17_2C.csv,KDC17,Clear,2C,1.466012,2.7683,0.5296,True
KDC17_2D.csv,KDC17,Clear,2D,1.419973,2.7748,0.5117,True
KDC17_2E.csv,KDC17,Clear,2E,1.494767,2.8034,0.5332,True
KDC17_3A.csv,KDC17,Clear,3A,1.659064,2.8188,0.5886,True
KDC17_3B.csv,KDC17,Clear,3B,1.659055,2.8083,0.5908,True
KDC17_3C.csv,KDC17,Clear,3C,1.064827,1.9574,0.544,True
KDC17_3D.csv,KDC17,Clear,3D,1.579755,2.7372,0.5771,True
KDC17_3E.csv,KDC17,Clear,3E,1.467736,2.7955,0.525,True
KDC17_4A.csv,KDC17,Clear,4A,1.531015,2.789,0.5489,True
KDC17_4B.csv,KDC17,Clear,4B,1.445782,2.7786,0.5203,True
KDC17_4C.csv,KDC17,Clear,4C,1.401973,2.7462,0.5105,True
KDC17_4D.csv,KDC17,Clear,4D,1.640764,2.8001,0.586,True
KDC17_4E.csv,KDC17,Clear,4E,1.658845,2.8091,0.5905,True
KDC17_5A.csv,KDC17,Clear,5A,1.483021,2.7616,0.537,True
KDC17_5B.csv,KDC17,Clear,5B,1.414288,2.7546,0.5134,True
KDC17_5C.csv,KDC17,Clear,5C,1.357224,2.7403,0.4953,True
KDC17_5D.csv,KDC17,Clear,5D,1.448827,2.7422,0.5283,True
KDC17_5E.csv,KDC17,Clear,5E,1.462491,2.7235,0.537,True
KDC18_1A.csv,KDC18,Clear,1A,1.647709,2.8127,0.5858,True
KDC18_1B.csv,KDC18,Clear,1B,1.556082,2.7895,0.5578,True
KDC18_1C.csv,KDC18,Clear,1C,0.922185,1.7965,0.5133,True
KDC18_1D.csv,KDC18,Clear,1D,1.385958,2.7738,0.4997,True
KDC18_1E.csv,KDC18,Clear,1E,1.399127,2.7829,0.5028,True
KDC18_2A.csv,KDC18,Clear,2A,1.674618,2.8052,0.597,True
KDC18_2B.csv,KDC18,Clear,2B,1.621564,2.7813,0.583,True
KDC18_2C.csv,KDC18,Clear,2C,1.446297,2.752,0.5255,True
KDC18_2D.csv,KDC18,Clear,2D,1.374688,2.7484,0.5002,True
KDC18_2E.csv,KDC18,Clear,2E,1.433633,2.7893,0.514,True
KDC18_3A.csv,KDC18,Clear,3A,1.584991,2.7897,0.5682,True
KDC18_3B.csv,KDC18,Clear,3B,1.575527,2.7531,0.5723,True
KDC18_3C.csv,KDC18,Clear,3C,1.287955,2.4955,0.5161,True
KDC18_3D.csv,KDC18,Clear,3D,1.475427,2.6647,0.5537,True
KDC18_3E.csv,KDC18,Clear,3E,1.5311,2.7361,0.5596,True
KDC18_4A.csv,KDC18,Clear,4A,1.481673,2.7275,0.5432,True
KDC18_4B.csv,KDC18,Clear,4B,1.385288,2.6761,0.5177,True
KDC18_4C.csv,KDC18,Clear,4C,1.419912,2.7196,0.5221,True
KDC18_4D.csv,KDC18,Clear,4D,1.581982,2.6752,0.5914,True
KDC18_4E.csv,KDC18,Clear,4E,1.612745,2.7249,0.5919,True
KDC18_5A.csv,KDC18,Clear,5A,1.420512,2.7542,0.5158,True
KDC18_5B.csv,KDC18,Clear,5B,1.350609,2.7332,0.4941,True
KDC18_5C.csv,KDC18,Clear,5C,1.391733,2.7279,0.5102,True
KDC18_5D.csv,KDC18,Clear,5D,1.524309,2.7413,0.5561,True
KDC18_5E.csv,KDC18,Clear,5E,1.585655,2.7562,0.5753,True
KDC19_1A.csv,KDC19,Clear,1A,1.681182,2.832,0.5936,True
KDC19_1B.csv,KDC19,Clear,1B,1.643518,2.8192,0.583,True
KDC19_1C.csv,KDC19,Clear,1C,1.527409,2.8006,0.5454,True
KDC19_1D.csv,KDC19,Clear,1D,1.428221,2.7993,0.5102,True
KDC19_1E.csv,KDC19,Clear,1E,1.382673,2.7766,0.498,True
KDC19_2A.csv,KDC19,Clear,2A,1.640018,2.8049,0.5847,True
KDC19_2B.csv,KDC19,Clear,2B,1.663564,2.8078,0.5925,True
KDC19_2C.csv,KDC19,Clear,2C,1.561091,2.7604,0.5655,True
KDC19_2D.csv,KDC19,Clear,2D,1.408882,2.7732,0.508,True
KDC19_2E.csv,KDC19,Clear,2E,1.379618,2.7681,0.4984,True
KDC19_3A.csv,KDC19,Clear,3A,1.5675,2.746,0.5708,True
KDC19_3B.csv,KDC19,Clear,3B,1.563391,2.747,0.5691,True
KDC19_3C.csv,KDC19,Clear,3C,1.030591,1.9587,0.5262,True
KDC19_3D.csv,KDC19,Clear,3D,1.419155,2.5216,0.5628,True
KDC19_3E.csv,KDC19,Clear,3E,1.546409,2.7784,0.5566,True
KDC19_4A.csv,KDC19,Clear,4A,1.486364,2.7724,0.5361,True
KDC19_4B.csv,KDC19,Clear,4B,1.372118,2.7101,0.5063,True
KDC19_4C.csv,KDC19,Clear,4C,1.351479,2.6856,0.5032,True
KDC19_4D.csv,KDC19,Clear,4D,1.568591,2.7052,0.5798,True
KDC19_4E.csv,KDC19,Clear,4E,1.622291,2.7494,0.5901,True
KDC19_5A.csv,KDC19,Clear,5A,1.395542,2.734,0.5104,True
KDC19_5B.csv,KDC19,Clear,5B,1.350248,2.7198,0.4965,True
KDC19_5C.csv,KDC19,Clear,5C,1.376348,2.723,0.5055,True
KDC19_5D.csv,KDC19,Clear,5D,1.415036,2.638,0.5364,True
KDC19_5E.csv,KDC19,Clear,5E,1.519582,2.6816,0.5667,True
KDC2(OPAQUE)_1A.csv,KDC2,Opaque,1A,1.373136,2.718,0.5052,True
KDC2(OPAQUE)_1B.csv,KDC2,Opaque,1B,1.37017,2.714,0.5049,True
KDC2(OPAQUE)_1C.csv,KDC2,Opaque,1C,1.311452,2.6114,0.5022,True
KDC2(OPAQUE)_1D.csv,KDC2,Opaque,1D,1.3601,2.71,0.5019,True
KDC2(OPAQUE)_1E.csv,KDC2,Opaque,1E,0.781085,1.5799,0.4944,True
KDC2(OPAQUE)_2A.csv,KDC2,Opaque,2A,1.367339,2.6985,0.5067,True
KDC2(OPAQUE)_2B.csv,KDC2,Opaque,2B,1.35177,2.6974,0.5011,True
KDC2(OPAQUE)_2C.csv,KDC2,Opaque,2C,1.355685,2.7031,0.5015,True
KDC2(OPAQUE)_2D.csv,KDC2,Opaque,2D,1.3494,2.6906,0.5015,True
KDC2(OPAQUE)_2E.csv,KDC2,Opaque,2E,1.3456,2.6904,0.5001,True
KDC2(OPAQUE)_3A.csv,KDC2,Opaque,3A,1.454436,2.7005,0.5386,True
KDC2(OPAQUE)_3B.csv,KDC2,Opaque,3B,0.583927,1.1238,0.5196,True
KDC2(OPAQUE)_3C.csv,KDC2,Opaque,3C,1.396524,2.6739,0.5223,True
KDC2(OPAQUE)_3D.csv,KDC2,Opaque,3D,1.357436,2.6607,0.5102,True
KDC2(OPAQUE)_3E.csv,KDC2,Opaque,3E,1.375873,2.6806,0.5133,True
KDC2(OPAQUE)_4A.csv,KDC2,Opaque,4A,1.502691,2.7017,0.5562,True
KDC2(OPAQUE)_4B.csv,KDC2,Opaque,4B,1.4985,2.7137,0.5522,True
KDC2(OPAQUE)_4C.csv,KDC2,Opaque,4C,0.829473,1.5508,0.5349,True
KDC2(OPAQUE)_4D.csv,KDC2,Opaque,4D,1.427464,2.665,0.5356,True
KDC2(OPAQUE)_4E.csv,KDC2,Opaque,4E,1.408955,2.6802,0.5257,True
KDC2(OPAQUE)_5A.csv,KDC2,Opaque,5A,1.512373,2.7006,0.56,True
KDC2(OPAQUE)_5B.csv,KDC2,Opaque,5B,1.5048,2.6955,0.5583,True
KDC2(OPAQUE)_5C.csv,KDC2,Opaque,5C,1.479664,2.6792,0.5523,True
KDC2(OPAQUE)_5D.csv,KDC2,Opaque,5D,1.475964,2.691,0.5485,True
KDC2(OPAQUE)_5E.csv,KDC2,Opaque,5E,1.448891,2.6607,0.5446,True
KDC20_1A.csv,KDC20,Clear,1A,1.636145,2.8115,0.5819,True
KDC20_1B.csv,KDC20,Clear,1B,1.554445,2.7861,0.5579,True
KDC20_1C.csv,KDC20,Clear,1C,1.423636,2.7551,0.5167,True
KDC20_1D.csv,KDC20,Clear,1D,1.359658,2.7409,0.4961,True
KDC20_1E.csv,KDC20,Clear,1E,1.390942,2.7504,0.5057,True
KDC20_2A.csv,KDC20,Clear,2A,1.545191,2.7749,0.5568,True
KDC20_2B.csv,KDC20,Clear,2B,1.585527,2.7456,0.5775,True
KDC20_2C.csv,KDC20,Clear,2C,1.528445,2.7592,0.5539,True
KDC20_2D.csv,KDC20,Clear,2D,1.358688,2.7167,0.5001,True
KDC20_2E.csv,KDC20,Clear,2E,1.3604,2.7341,0.4976,True
KDC20_3A.csv,KDC20,Clear,3A,1.560682,2.7762,0.5622,True
KDC20_3B.csv,KDC20,Clear,3B,1.562391,2.7739,0.5632,True
KDC20_3C.csv,KDC20,Clear,3C,0.699945,1.3439,0.5208,True
KDC20_3D.csv,KDC20,Clear,3D,1.530518,2.7358,0.5594,True
KDC20_3E.csv,KDC20,Clear,3E,1.533418,2.7497,0.5577,True
KDC20_4A.csv,KDC20,Clear,4A,1.376291,2.6786,0.5138,True
KDC20_4B.csv,KDC20,Clear,4B,1.457509,2.7842,0.5235,True
KDC20_4C.csv,KDC20,Clear,4C,1.376652,2.7539,0.4999,True
KDC20_4D.csv,KDC20,Clear,4D,1.568173,2.7504,0.5702,True
KDC20_4E.csv,KDC20,Clear,4E,1.636836,2.7811,0.5886,True
KDC20_5A.csv,KDC20,Clear,5A,1.410852,2.7603,0.5111,True
KDC20_5B.csv,KDC20,Clear,5B,1.353403,2.743,0.4934,True
KDC20_5C.csv,KDC20,Clear,5C,1.389318,2.7389,0.5073,True
KDC20_5D.csv,KDC20,Clear,5D,1.521264,2.7467,0.5539,True
KDC20_5E.csv,KDC20,Clear,5E,1.597182,2.7706,0.5765,True
KDC21_1A.csv,KDC21,Clear,1A,1.694973,2.8466,0.5954,True
KDC21_1B.csv,KDC21,Clear,1B,1.603736,2.8074,0.5713,True
KDC21_1C.csv,KDC21,Clear,1C,1.47623,2.7976,0.5277,True
KDC21_1D.csv,KDC21,Clear,1D,1.403997,2.8006,0.5013,True
KDC21_1E.csv,KDC21,Clear,1E,1.408997,2.7834,0.5062,True
KDC21_2A.csv,KDC21,Clear,2A,1.6489,2.7783,0.5935,True
KDC21_2B.csv,KDC21,Clear,2B,1.645327,2.7851,0.5908,True
KDC21_2C.csv,KDC21,Clear,2C,1.449952,2.6743,0.5422,True
KDC21_2D.csv,KDC21,Clear,2D,1.333694,2.6809,0.4975,True
KDC21_2E.csv,KDC21,Clear,2E,1.384394,2.6748,0.5176,True
KDC21_3A.csv,KDC21,Clear,3A,1.540445,2.7353,0.5632,True
KDC21_3B.csv,KDC21,Clear,3B,1.565464,2.7346,0.5725,True
KDC21_3C.csv,KDC21,Clear,3C,1.247018,2.3997,0.5197,True
KDC21_3D.csv,KDC21,Clear,3D,1.410627,2.583,0.5461,True
KDC21_3E.csv,KDC21,Clear,3E,1.5802,2.7834,0.5677,True
KDC21_4A.csv,KDC21,Clear,4A,1.445736,2.767,0.5225,True
KDC21_4B.csv,KDC21,Clear,4B,1.379288,2.735,0.5043,True
KDC21_4C.csv,KDC21,Clear,4C,1.5233,2.7606,0.5518,True
KDC21_4D.csv,KDC21,Clear,4D,1.649255,2.7556,0.5985,True
KDC21_4E.csv,KDC21,Clear,4E,1.638755,2.7728,0.591,True
KDC21_5A.csv,KDC21,Clear,5A,1.437867,2.7601,0.5209,True
KDC21_5B.csv,KDC21,Clear,5B,1.368088,2.7308,0.501,True
KDC21_5C.csv,KDC21,Clear,5C,1.388388,2.7284,0.5089,True
KDC21_5D.csv,KDC21,Clear,5D,1.529618,2.749,0.5564,True
KDC21_5E.csv,KDC21,Clear,5E,1.583391,2.7481,0.5762,True
KDC22_1A.csv,KDC22,Clear,1A,1.671755,2.8212,0.5926,True
KDC22_1B.csv,KDC22,Clear,1B,1.638345,2.824,0.5802,True
KDC22_1C.csv,KDC22,Clear,1C,1.510555,2.7948,0.5405,True
KDC22_1D.csv,KDC22,Clear,1D,1.413636,2.7789,0.5087,True
KDC22_1E.csv,KDC22,Clear,1E,1.397642,2.7825,0.5023,True
KDC22_2A.csv,KDC22,Clear,2A,1.681209,2.8245,0.5952,True
KDC22_2B.csv,KDC22,Clear,2B,1.6313,2.7727,0.5883,True
KDC22_2C.csv,KDC22,Clear,2C,1.494436,2.7799,0.5376,True
KDC22_2D.csv,KDC22,Clear,2D,1.244306,2.5019,0.4973,True
KDC22_2E.csv,KDC22,Clear,2E,1.444461,2.7839,0.5189,True
KDC22_3A.csv,KDC22,Clear,3A,1.579155,2.7662,0.5709,True
KDC22_3B.csv,KDC22,Clear,3B,1.572336,2.7428,0.5733,True
KDC22_3C.csv,KDC22,Clear,3C,1.1314,2.2023,0.5137,True
KDC22_3D.csv,KDC22,Clear,3D,1.510945,2.7198,0.5555,True
KDC22_3E.csv,KDC22,Clear,3E,1.572518,2.7831,0.565,True
KDC22_4A.csv,KDC22,Clear,4A,1.376745,2.6093,0.5276,True
KDC22_4B.csv,KDC22,Clear,4B,0.981755,2.1876,0.4488,True
KDC22_4C.csv,KDC22,Clear,4C,1.224036,2.5086,0.4879,True
KDC22_4D.csv,KDC22,Clear,4D,1.471291,2.6111,0.5635,True
KDC22_4E.csv,KDC22,Clear,4E,1.555664,2.685,0.5794,True
KDC22_5A.csv,KDC22,Clear,5A,1.421518,2.71,0.5245,True
KDC22_5B.csv,KDC22,Clear,5B,1.362136,2.7217,0.5005,True
KDC22_5C.csv,KDC22,Clear,5C,1.352718,2.7205,0.4972,True
KDC22_5D.csv,KDC22,Clear,5D,1.429182,2.7131,0.5268,True
KDC22_5E.csv,KDC22,Clear,5E,1.517045,2.719,0.5579,True
KDC23_1A.csv,KDC23,Clear,1A,1.644045,2.791,0.5891,True
KDC23_1B.csv,KDC23,Clear,1B,1.611309,2.7788,0.5799,True
KDC23_1C.csv,KDC23,Clear,1C,1.006264,1.876,0.5364,True
KDC23_1D.csv,KDC23,Clear,1D,1.395797,2.758,0.5061,True
KDC23_1E.csv,KDC23,Clear,1E,1.383727,2.7761,0.4984,True
KDC23_2A.csv,KDC23,Clear,2A,1.651164,2.7856,0.5927,True
KDC23_2B.csv,KDC23,Clear,2B,1.611182,2.7626,0.5832,True
KDC23_2C.csv,KDC23,Clear,2C,1.462455,2.6622,0.5493,True
KDC23_2D.csv,KDC23,Clear,2D,1.358203,2.7239,0.4986,True
KDC23_2E.csv,KDC23,Clear,2E,1.409655,2.7552,0.5116,True
KDC23_3A.csv,KDC23,Clear,3A,1.608591,2.8107,0.5723,True
KDC23_3B.csv,KDC23,Clear,3B,1.582245,2.7728,0.5706,True
KDC23_3C.csv,KDC23,Clear,3C,1.066645,2.0302,0.5254,True
KDC23_3D.csv,KDC23,Clear,3D,1.525536,2.7217,0.5605,True
KDC23_3E.csv,KDC23,Clear,3E,1.564,2.7928,0.56,True
KDC23_4A.csv,KDC23,Clear,4A,1.466364,2.7569,0.5319,True
KDC23_4B.csv,KDC23,Clear,4B,1.387858,2.7347,0.5075,True
KDC23_4C.csv,KDC23,Clear,4C,1.389855,2.7436,0.5066,True
KDC23_4D.csv,KDC23,Clear,4D,1.595555,2.7458,0.5811,True
KDC23_4E.csv,KDC23,Clear,4E,1.626836,2.7684,0.5876,True
KDC23_5A.csv,KDC23,Clear,5A,1.526764,2.7606,0.5531,True
KDC23_5B.csv,KDC23,Clear,5B,1.441245,2.7528,0.5236,True
KDC23_5C.csv,KDC23,Clear,5C,1.337264,2.7327,0.4894,True
KDC23_5D.csv,KDC23,Clear,5D,1.415091,2.747,0.5151,True
KDC23_5E.csv,KDC23,Clear,5E,1.494618,2.7631,0.5409,True
KDC24_1A.csv,KDC24,Clear,1A,1.702509,2.8526,0.5968,True
KDC24_1B.csv,KDC24,Clear,1B,1.630591,2.7932,0.5838,True
KDC24_1C.csv,KDC24,Clear,1C,1.50333,2.7461,0.5474,True
KDC24_1D.csv,KDC24,Clear,1D,1.431936,2.7993,0.5115,True
KDC24_1E.csv,KDC24,Clear,1E,1.402427,2.796,0.5016,True
KDC24_2A.csv,KDC24,Clear,2A,1.662245,2.8257,0.5883,True
KDC24_2B.csv,KDC24,Clear,2B,1.6302,2.7596,0.5907,True
KDC24_2C.csv,KDC24,Clear,2C,1.512618,2.6832,0.5637,True
KDC24_2D.csv,KDC24,Clear,2D,1.129909,2.2597,0.5,True
KDC24_2E.csv,KDC24,Clear,2E,1.384727,2.7709,0.4997,True
KDC24_3A.csv,KDC24,Clear,3A,1.531482,2.7899,0.5489,True
KDC24_3B.csv,KDC24,Clear,3B,1.536955,2.7883,0.5512,True
KDC24_3C.csv,KDC24,Clear,3C,1.070018,2.0186,0.5301,True
KDC24_3D.csv,KDC24,Clear,3D,1.305918,2.5344,0.5153,True
KDC24_3E.csv,KDC24,Clear,3E,1.429809,2.6912,0.5313,True
KDC24_4A.csv,KDC24,Clear,4A,1.449655,2.7169,0.5336,True
KDC24_4B.csv,KDC24,Clear,4B,1.370873,2.7278,0.5026,True
KDC24_4C.csv,KDC24,Clear,4C,1.437936,2.7587,0.5212,True
KDC24_4D.csv,KDC24,Clear,4D,1.604836,2.7467,0.5843,True
KDC24_4E.csv,KDC24,Clear,4E,1.653236,2.7903,0.5925,True
KDC24_5A.csv,KDC24,Clear,5A,1.384042,2.7278,0.5074,True
KDC24_5B.csv,KDC24,Clear,5B,1.355403,2.7355,0.4955,True
KDC24_5C.csv,KDC24,Clear,5C,1.410373,2.745,0.5138,True
KDC24_5D.csv,KDC24,Clear,5D,1.527164,2.7751,0.5503,True
KDC24_5E.csv,KDC24,Clear,5E,1.591645,2.7856,0.5714,True
KDC25_1A.csv,KDC25,Clear,1A,1.639527,2.7999,0.5856,True
KDC25_1B.csv,KDC25,Clear,1B,1.598727,2.7877,0.5735,True
KDC25_1C.csv,KDC25,Clear,1C,1.494427,2.7802,0.5375,True
KDC25_1D.csv,KDC25,Clear,1D,1.396497,2.7776,0.5028,True
KDC25_1E.csv,KDC25,Clear,1E,1.385218,2.778,0.4986,True
KDC25_2A.csv,KDC25,Clear,2A,1.639327,2.7934,0.5869,True
KDC25_2B.csv,KDC25,Clear,2B,1.629782,2.7774,0.5868,True
KDC25_2C.csv,KDC25,Clear,2C,1.480391,2.7625,0.5359,True
KDC25_2D.csv,KDC25,Clear,2D,1.375988,2.7615,0.4983,True
KDC25_2E.csv,KDC25,Clear,2E,1.430255,2.7753,0.5154,True
KDC25_3A.csv,KDC25,Clear,3A,1.551091,2.7776,0.5584,True
KDC25_3B.csv,KDC25,Clear,3B,1.495118,2.749,0.5439,True
KDC25_3C.csv,KDC25,Clear,3C,1.390173,2.6994,0.515,True
KDC25_3D.csv,KDC25,Clear,3D,1.530445,2.7524,0.556,True
KDC25_3E.csv,KDC25,Clear,3E,1.527927,2.775,0.5506,True
KDC25_4A.csv,KDC25,Clear,4A,1.471282,2.7661,0.5319,True
KDC25_4B.csv,KDC25,Clear,4B,1.375342,2.7459,0.5009,True
KDC25_4C.csv,KDC25,Clear,4C,1.424018,2.7438,0.519,True
KDC25_4D.csv,KDC25,Clear,4D,1.597855,2.7365,0.5839,True
KDC25_4E.csv,KDC25,Clear,4E,1.619109,2.7692,0.5847,True
KDC25_5A.csv,KDC25,Clear,5A,1.459573,2.7955,0.5221,True
KDC25_5B.csv,KDC25,Clear,5B,1.378142,2.7629,0.4988,True
KDC25_5C.csv,KDC25,Clear,5C,1.376558,2.7075,0.5084,True
KDC25_5D.csv,KDC25,Clear,5D,1.441818,2.6691,0.5402,True
KDC25_5E.csv,KDC25,Clear,5E,1.518718,2.6934,0.5639,True
KDC26_1A.csv,KDC26,Clear,1A,1.6768,2.8206,0.5945,True
KDC26_1B.csv,KDC26,Clear,1B,1.631991,2.8237,0.578,True
KDC26_1C.csv,KDC26,Clear,1C,1.493415,2.8048,0.5324,True
KDC26_1D.csv,KDC26,Clear,1D,1.413812,2.7926,0.5063,True
KDC26_1E.csv,KDC26,Clear,1E,1.396482,2.7678,0.5045,True
KDC26_2A.csv,KDC26,Clear,2A,1.670145,2.8036,0.5957,True
KDC26_2B.csv,KDC26,Clear,2B,1.630045,2.7572,0.5912,True
KDC26_2C.csv,KDC26,Clear,2C,1.489397,2.7684,0.538,True
KDC26_2D.csv,KDC26,Clear,2D,1.397473,2.7621,0.5059,True
KDC26_2E.csv,KDC26,Clear,2E,1.431782,2.7855,0.514,True
KDC26_3A.csv,KDC26,Clear,3A,1.645773,2.8015,0.5875,True
KDC26_3B.csv,KDC26,Clear,3B,1.642518,2.7957,0.5875,True
KDC26_3C.csv,KDC26,Clear,3C,1.170664,2.1946,0.5334,True
KDC26_3D.csv,KDC26,Clear,3D,1.591809,2.7642,0.5759,True
KDC26_3E.csv,KDC26,Clear,3E,1.606982,2.7879,0.5764,True
KDC26_4A.csv,KDC26,Clear,4A,1.474376,2.7683,0.5326,True
KDC26_4B.csv,KDC26,Clear,4B,1.380903,2.733,0.5053,True
KDC26_4C.csv,KDC26,Clear,4C,1.430136,2.7446,0.5211,True
KDC26_4D.csv,KDC26,Clear,4D,1.618545,2.7467,0.5893,True
KDC26_4E.csv,KDC26,Clear,4E,1.653827,2.787,0.5934,True
KDC26_5A.csv,KDC26,Clear,5A,1.516118,2.7723,0.5469,True
KDC26_5B.csv,KDC26,Clear,5B,1.432352,2.7629,0.5184,True
KDC26_5C.csv,KDC26,Clear,5C,1.355079,2.7417,0.4942,True
KDC26_5D.csv,KDC26,Clear,5D,1.397682,2.7325,0.5115,True
KDC26_5E.csv,KDC26,Clear,5E,1.305136,2.7056,0.4824,True
KDC27_1A.csv,KDC27,Clear,1A,1.638073,2.7905,0.587,True
KDC27_1B.csv,KDC27,Clear,1B,1.604882,2.7914,0.5749,True
KDC27_1C.csv,KDC27,Clear,1C,1.484045,2.7438,0.5409,True
KDC27_1D.csv,KDC27,Clear,1D,1.4105,2.7554,0.5119,True
KDC27_1E.csv,KDC27,Clear,1E,1.371582,2.7549,0.4979,True
KDC27_2A.csv,KDC27,Clear,2A,1.645036,2.7897,0.5897,True
KDC27_2B.csv,KDC27,Clear,2B,1.612382,2.7743,0.5812,True
KDC27_2C.csv,KDC27,Clear,2C,1.441036,2.7272,0.5284,True
KDC27_2D.csv,KDC27,Clear,2D,1.382697,2.7367,0.5052,True
KDC27_2E.csv,KDC27,Clear,2E,1.364218,2.742,0.4975,True
KDC27_3A.csv,KDC27,Clear,3A,1.583745,2.7636,0.5731,True
KDC27_3B.csv,KDC27,Clear,3B,1.570109,2.7592,0.569,True
KDC27_3C.csv,KDC27,Clear,3C,1.312791,2.5179,0.5214,True
KDC27_3D.csv,KDC27,Clear,3D,1.552164,2.7092,0.5729,True
KDC27_3E.csv,KDC27,Clear,3E,1.570282,2.7709,0.5667,True
KDC27_4A.csv,KDC27,Clear,4A,1.4773,2.7566,0.5359,True
KDC27_4B.csv,KDC27,Clear,4B,1.401382,2.7442,0.5107,True
KDC27_4C.csv,KDC27,Clear,4C,1.402564,2.7309,0.5136,True
KDC27_4D.csv,KDC27,Clear,4D,1.578082,2.7487,0.5741,True
KDC27_4E.csv,KDC27,Clear,4E,1.5976,2.7409,0.5829,True
KDC27_5A.csv,KDC27,Clear,5A,1.419409,2.7224,0.5214,True
KDC27_5B.csv,KDC27,Clear,5B,1.322145,2.6972,0.4902,True
KDC27_5C.csv,KDC27,Clear,5C,1.318145,2.697,0.4887,True
KDC27_5D.csv,KDC27,Clear,5D,1.404764,2.7099,0.5184,True
KDC27_5E.csv,KDC27,Clear,5E,1.338273,2.6905,0.4974,True
KDC3(OPAQUE)_1A.csv,KDC3,Opaque,1A,1.312864,2.6291,0.4994,True
KDC3(OPAQUE)_1B.csv,KDC3,Opaque,1B,1.405927,2.7414,0.5129,True
KDC3(OPAQUE)_1C.csv,KDC3,Opaque,1C,1.354545,2.6722,0.5069,True
KDC3(OPAQUE)_1D.csv,KDC3,Opaque,1D,1.398,2.6481,0.5279,True
KDC3(OPAQUE)_1E.csv,KDC3,Opaque,1E,0.788,1.525,0.5167,True
KDC3(OPAQUE)_2A.csv,KDC3,Opaque,2A,1.386218,2.7077,0.512,True
KDC3(OPAQUE)_2B.csv,KDC3,Opaque,2B,1.401427,2.7017,0.5187,True
KDC3(OPAQUE)_2C.csv,KDC3,Opaque,2C,1.372736,2.651,0.5178,True
KDC3(OPAQUE)_2D.csv,KDC3,Opaque,2D,1.439373,2.7278,0.5277,True
KDC3(OPAQUE)_2E.csv,KDC3,Opaque,2E,1.418345,2.7218,0.5211,True
KDC3(OPAQUE)_3A.csv,KDC3,Opaque,3A,1.436591,2.7155,0.529,True
KDC3(OPAQUE)_3B.csv,KDC3,Opaque,3B,1.412545,2.7132,0.5206,True
KDC3(OPAQUE)_3C.csv,KDC3,Opaque,3C,1.3817,2.6545,0.5205,True
KDC3(OPAQUE)_3D.csv,KDC3,Opaque,3D,0.988209,1.9383,0.5098,True
KDC3(OPAQUE)_3E.csv,KDC3,Opaque,3E,1.384955,2.6953,0.5138,True
KDC3(OPAQUE)_4A.csv,KDC3,Opaque,4A,1.474845,2.7432,0.5376,True
KDC3(OPAQUE)_4B.csv,KDC3,Opaque,4B,1.453064,2.7251,0.5332,True
KDC3(OPAQUE)_4C.csv,KDC3,Opaque,4C,1.419464,2.6835,0.529,True
KDC3(OPAQUE)_4D.csv,KDC3,Opaque,4D,1.380718,2.7232,0.507,True
KDC3(OPAQUE)_4E.csv,KDC3,Opaque,4E,1.356045,2.6993,0.5024,True
KDC3(OPAQUE)_5A.csv,KDC3,Opaque,5A,1.474636,2.7163,0.5429,True
KDC3(OPAQUE)_5B.csv,KDC3,Opaque,5B,1.466364,2.7225,0.5386,True
KDC3(OPAQUE)_5C.csv,KDC3,Opaque,5C,1.429655,2.702,0.5291,True
KDC3(OPAQUE)_5D.csv,KDC3,Opaque,5D,1.351482,2.6911,0.5022,True
KDC3(OPAQUE)_5E.csv,KDC3,Opaque,5E,1.381564,2.6728,0.5169,True
KDC4(OPAQUE)_1A.csv,KDC4,Opaque,1A,1.376718,2.6815,0.5134,True
KDC4(OPAQUE)_1B.csv,KDC4,Opaque,1B,1.406955,2.6235,0.5363,True
KDC4(OPAQUE)_1C.csv,KDC4,Opaque,1C,0.667264,1.304,0.5117,True
KDC4(OPAQUE)_1D.csv,KDC4,Opaque,1D,1.361582,2.5937,0.525,True
KDC4(OPAQUE)_1E.csv,KDC4,Opaque,1E,1.352064,2.5733,0.5254,True
KDC4(OPAQUE)_2A.csv,KDC4,Opaque,2A,1.373827,2.648,0.5188,True
KDC4(OPAQUE)_2B.csv,KDC4,Opaque,2B,1.364982,2.6154,0.5219,True
KDC4(OPAQUE)_2C.csv,KDC4,Opaque,2C,1.273064,2.5031,0.5086,True
KDC4(OPAQUE)_2D.csv,KDC4,Opaque,2D,1.267,2.5192,0.5029,True
KDC4(OPAQUE)_2E.csv,KDC4,Opaque,2E,1.295227,2.5742,0.5032,True
KDC4(OPAQUE)_3A.csv,KDC4,Opaque,3A,1.362109,2.6056,0.5228,True
KDC4(OPAQUE)_3B.csv,KDC4,Opaque,3B,1.318991,2.5582,0.5156,True
KDC4(OPAQUE)_3C.csv,KDC4,Opaque,3C,1.320045,2.5622,0.5152,True
KDC4(OPAQUE)_3D.csv,KDC4,Opaque,3D,1.260327,2.4993,0.5043,True
KDC4(OPAQUE)_3E.csv,KDC4,Opaque,3E,1.224773,2.4677,0.4963,True
KDC4(OPAQUE)_4A.csv,KDC4,Opaque,4A,1.352891,2.5478,0.531,True
KDC4(OPAQUE)_4B.csv,KDC4,Opaque,4B,1.287736,2.5565,0.5037,True
KDC4(OPAQUE)_4C.csv,KDC4,Opaque,4C,1.253364,2.4939,0.5026,True
KDC4(OPAQUE)_4D.csv,KDC4,Opaque,4D,1.230827,2.476,0.4971,True
KDC4(OPAQUE)_4E.csv,KDC4,Opaque,4E,1.229945,2.5022,0.4915,True
KDC4(OPAQUE)_5A.csv,KDC4,Opaque,5A,1.355091,2.5497,0.5315,True
KDC4(OPAQUE)_5B.csv,KDC4,Opaque,5B,1.296164,2.5539,0.5075,True
KDC4(OPAQUE)_5C.csv,KDC4,Opaque,5C,1.307691,2.5677,0.5093,True
KDC4(OPAQUE)_5D.csv,KDC4,Opaque,5D,1.254236,2.5547,0.491,True
KDC4(OPAQUE)_5E.csv,KDC4,Opaque,5E,1.252145,2.5699,0.4872,True
KDC5_1A.csv,KDC5,Clear,1A,1.7468,2.8335,0.6165,True
KDC5_1B.csv,KDC5,Clear,1B,1.7472,2.8436,0.6144,True
KDC5_1C.csv,KDC5,Clear,1C,1.0772,1.7426,0.6182,True
KDC5_1D.csv,KDC5,Clear,1D,1.5601,2.8129,0.5546,True
KDC5_1E.csv,KDC5,Clear,1E,1.5659,2.8222,0.5549,True
KDC5_2A.csv,KDC5,Clear,2A,1.7926,2.8192,0.6359,True
KDC5_2B.csv,KDC5,Clear,2B,1.7696,2.7776,0.6371,True
KDC5_2C.csv,KDC5,Clear,2C,1.716,2.76,0.6217,True
KDC5_2D.csv,KDC5,Clear,2D,1.5801,2.7554,0.5735,True
KDC5_2E.csv,KDC5,Clear,2E,1.5836,2.7971,0.5662,True
KDC5_3A.csv,KDC5,Clear,3A,1.7069,2.8021,0.6092,True
KDC5_3B.csv,KDC5,Clear,3B,1.6927,2.7559,0.6142,True
KDC5_3C.csv,KDC5,Clear,3C,1.391,2.3848,0.5833,True
KDC5_3D.csv,KDC5,Clear,3D,1.6721,2.7896,0.5994,True
KDC5_3E.csv,KDC5,Clear,3E,1.652,2.7851,0.5932,True
KDC5_4A.csv,KDC5,Clear,4A,1.5781,2.7653,0.5707,True
KDC5_4B.csv,KDC5,Clear,4B,1.5109,2.7328,0.5529,True
KDC5_4C.csv,KDC5,Clear,4C,1.6085,2.7327,0.5886,True
KDC5_4D.csv,KDC5,Clear,4D,1.7375,2.7475,0.6324,True
KDC5_4E.csv,KDC5,Clear,4E,1.7292,2.7717,0.6239,True
KDC5_5A.csv,KDC5,Clear,5A,1.5341,2.7715,0.5535,True
KDC5_5B.csv,KDC5,Clear,5B,1.4468,2.7471,0.5267,True
KDC5_5C.csv,KDC5,Clear,5C,1.5363,2.7443,0.5598,True
KDC5_5D.csv,KDC5,Clear,5D,1.6558,2.7582,0.6003,True
KDC5_5E.csv,KDC5,Clear,5E,1.7008,2.7656,0.615,True
KDC6_1A.csv,KDC6,Clear,1A,1.585473,2.7673,0.5729,True
KDC6_1B.csv,KDC6,Clear,1B,1.573355,2.7707,0.5679,True
KDC6_1C.csv,KDC6,Clear,1C,1.502182,2.7536,0.5455,True
KDC6_1D.csv,KDC6,Clear,1D,1.394882,2.7329,0.5104,True
KDC6_1E.csv,KDC6,Clear,1E,1.331764,2.7313,0.4876,True
KDC6_2A.csv,KDC6,Clear,2A,1.558436,2.7562,0.5654,True
KDC6_2B.csv,KDC6,Clear,2B,1.560545,2.7238,0.5729,True
KDC6_2C.csv,KDC6,Clear,2C,1.516773,2.7546,0.5506,True
KDC6_2D.csv,KDC6,Clear,2D,1.325773,2.6982,0.4914,True
KDC6_2E.csv,KDC6,Clear,2E,1.288655,2.6918,0.4787,True
KDC6_3A.csv,KDC6,Clear,3A,1.436873,2.7086,0.5305,True
KDC6_3B.csv,KDC6,Clear,3B,1.417009,2.6933,0.5261,True
KDC6_3C.csv,KDC6,Clear,3C,1.173833,2.3328,0.5032,True
KDC6_3D.csv,KDC6,Clear,3D,1.4062,2.6966,0.5215,True
KDC6_3E.csv,KDC6,Clear,3E,1.392518,2.6957,0.5166,True
KDC6_4A.csv,KDC6,Clear,4A,1.320073,2.6967,0.4895,True
KDC6_4B.csv,KDC6,Clear,4B,1.282991,2.6862,0.4776,True
KDC6_4C.csv,KDC6,Clear,4C,1.367445,2.69,0.5083,True
KDC6_4D.csv,KDC6,Clear,4D,1.498067,2.6327,0.569,True
KDC6_4E.csv,KDC6,Clear,4E,1.467933,2.6754,0.5487,True
KDC6_5A.csv,KDC6,Clear,5A,1.311467,2.6625,0.4926,True
KDC6_5B.csv,KDC6,Clear,5B,1.201345,2.5991,0.4622,True
KDC6_5C.csv,KDC6,Clear,5C,1.250867,2.6277,0.476,True
KDC6_5D.csv,KDC6,Clear,5D,1.366333,2.6069,0.5241,True
KDC6_5E.csv,KDC6,Clear,5E,1.425,2.6289,0.5421,True
KDC7_1A.csv,KDC7,Clear,1A,1.657436,2.7925,0.5935,True
KDC7_1B.csv,KDC7,Clear,1B,1.639464,2.7999,0.5855,True
KDC7_1C.csv,KDC7,Clear,1C,0.753273,1.3965,0.5394,True
KDC7_1D.csv,KDC7,Clear,1D,1.400027,2.7459,0.5099,True
KDC7_1E.csv,KDC7,Clear,1E,1.367782,2.7478,0.4978,True
KDC7_2A.csv,KDC7,Clear,2A,1.630282,2.7689,0.5888,True
KDC7_2B.csv,KDC7,Clear,2B,1.626955,2.7613,0.5892,True
KDC7_2C.csv,KDC7,Clear,2C,1.4536,2.6897,0.5404,True
KDC7_2D.csv,KDC7,Clear,2D,1.350609,2.7229,0.496,True
KDC7_2E.csv,KDC7,Clear,2E,1.403891,2.7446,0.5115,True
KDC7_3A.csv,KDC7,Clear,3A,1.541691,2.7551,0.5596,True
KDC7_3B.csv,KDC7,Clear,3B,1.5469,2.7434,0.5639,True
KDC7_3C.csv,KDC7,Clear,3C,1.152782,2.1994,0.5241,True
KDC7_3D.csv,KDC7,Clear,3D,1.405291,2.5525,0.5506,True
KDC7_3E.csv,KDC7,Clear,3E,1.517373,2.7532,0.5511,True
KDC7_4A.csv,KDC7,Clear,4A,1.470909,2.7478,0.5353,True
KDC7_4B.csv,KDC7,Clear,4B,1.376709,2.7234,0.5055,True
KDC7_4C.csv,KDC7,Clear,4C,1.381745,2.7178,0.5084,True
KDC7_4D.csv,KDC7,Clear,4D,1.603864,2.7533,0.5825,True
KDC7_4E.csv,KDC7,Clear,4E,1.616782,2.7628,0.5852,True
KDC7_5A.csv,KDC7,Clear,5A,1.338164,2.7145,0.493,True
KDC7_5B.csv,KDC7,Clear,5B,1.354164,2.7063,0.5004,True
KDC7_5C.csv,KDC7,Clear,5C,1.458473,2.7014,0.5399,True
KDC7_5D.csv,KDC7,Clear,5D,1.548973,2.7107,0.5714,True
KDC7_5E.csv,KDC7,Clear,5E,1.550318,2.7145,0.5711,True
KDC8_1A.csv,KDC8,Clear,1A,1.637682,2.8086,0.5831,True
KDC8_1B.csv,KDC8,Clear,1B,1.597045,2.8065,0.5691,True
KDC8_1C.csv,KDC8,Clear,1C,1.4771,2.7878,0.5298,True
KDC8_1D.csv,KDC8,Clear,1D,1.380373,2.765,0.4992,True
KDC8_1E.csv,KDC8,Clear,1E,1.390558,2.759,0.504,True
KDC8_2A.csv,KDC8,Clear,2A,1.643536,2.7882,0.5895,True
KDC8_2B.csv,KDC8,Clear,2B,1.582355,2.6904,0.5881,True
KDC8_2C.csv,KDC8,Clear,2C,1.472809,2.7436,0.5368,True
KDC8_2D.csv,KDC8,Clear,2D,1.156858,2.3567,0.4909,True
KDC8_2E.csv,KDC8,Clear,2E,1.419945,2.7524,0.5159,True
KDC8_3A.csv,KDC8,Clear,3A,1.573327,2.7655,0.5689,True
KDC8_3B.csv,KDC8,Clear,3B,1.583991,2.7596,0.574,True
KDC8_3C.csv,KDC8,Clear,3C,1.236736,2.3839,0.5188,True
KDC8_3D.csv,KDC8,Clear,3D,1.544309,2.7359,0.5645,True
KDC8_3E.csv,KDC8,Clear,3E,1.564482,2.7825,0.5623,True
KDC8_4A.csv,KDC8,Clear,4A,1.489482,2.773,0.5371,True
KDC8_4B.csv,KDC8,Clear,4B,1.407764,2.7558,0.5108,True
KDC8_4C.csv,KDC8,Clear,4C,1.398345,2.7269,0.5128,True
KDC8_4D.csv,KDC8,Clear,4D,1.576064,2.7396,0.5753,True
KDC8_4E.csv,KDC8,Clear,4E,1.596318,2.7448,0.5816,True
KDC8_5A.csv,KDC8,Clear,5A,1.382809,2.7208,0.5082,True
KDC8_5B.csv,KDC8,Clear,5B,1.334436,2.7161,0.4913,True
KDC8_5C.csv,KDC8,Clear,5C,1.328155,2.6832,0.495,True
KDC8_5D.csv,KDC8,Clear,5D,1.441882,2.6956,0.5349,True
KDC8_5E.csv,KDC8,Clear,5E,1.521282,2.7139,0.5606,True
KDC9_1A.csv,KDC9,Clear,1A,1.674773,2.8164,0.5947,True
KDC9_1B.csv,KDC9,Clear,1B,1.656736,2.8268,0.5861,True
KDC9_1C.csv,KDC9,Clear,1C,0.703215,1.3103,0.5367,True
KDC9_1D.csv,KDC9,Clear,1D,1.430721,2.7995,0.5111,True
KDC9_1E.csv,KDC9,Clear,1E,1.399352,2.7941,0.5008,True
KDC9_2A.csv,KDC9,Clear,2A,1.6686,2.8157,0.5926,True
KDC9_2B.csv,KDC9,Clear,2B,1.655791,2.791,0.5933,True
KDC9_2C.csv,KDC9,Clear,2C,1.5369,2.7743,0.554,True
KDC9_2D.csv,KDC9,Clear,2D,1.384782,2.7656,0.5007,True
KDC9_2E.csv,KDC9,Clear,2E,1.425445,2.7861,0.5116,True
KDC9_3A.csv,KDC9,Clear,3A,1.565245,2.7919,0.5606,True
KDC9_3B.csv,KDC9,Clear,3B,1.618773,2.8134,0.5754,True
KDC9_3C.csv,KDC9,Clear,3C,1.264582,2.4423,0.5178,True
KDC9_3D.csv,KDC9,Clear,3D,1.511818,2.7491,0.5499,True
KDC9_3E.csv,KDC9,Clear,3E,1.5483,2.7966,0.5536,True
KDC9_4A.csv,KDC9,Clear,4A,1.486345,2.7976,0.5313,True
KDC9_4B.csv,KDC9,Clear,4B,1.415482,2.7829,0.5086,True
KDC9_4C.csv,KDC9,Clear,4C,1.449421,2.7771,0.5219,True
KDC9_4D.csv,KDC9,Clear,4D,1.644127,2.7899,0.5893,True
KDC9_4E.csv,KDC9,Clear,4E,1.647536,2.7932,0.5898,True
KDC9_5A.csv,KDC9,Clear,5A,1.453406,2.7753,0.5237,True
KDC9_5B.csv,KDC9,Clear,5B,1.352433,2.7373,0.4941,True
KDC9_5C.csv,KDC9,Clear,5C,1.390758,2.7509,0.5056,True
KDC9_5D.csv,KDC9,Clear,5D,1.515009,2.7637,0.5482,True
KDC9_5E.csv,KDC9,Clear,5E,1.578309,2.7715,0.5695,True
KDY10_1A.csv,KDY10,Yellow,1A,1.464755,2.7176,0.539,True
KDY10_1B.csv,KDY10,Yellow,1B,1.393845,2.6985,0.5165,True
KDY10_1C.csv,KDY10,Yellow,1C,1.314645,2.685,0.4896,True
KDY10_1D.csv,KDY10,Yellow,1D,1.2874,2.6779,0.4807,True
KDY10_1E.csv,KDY10,Yellow,1E,1.311209,2.6776,0.4897,True
KDY10_2A.csv,KDY10,Yellow,2A,1.488973,2.7116,0.5491,True
KDY10_2B.csv,KDY10,Yellow,2B,1.480964,2.6977,0.549,True
KDY10_2C.csv,KDY10,Yellow,2C,1.399327,2.6727,0.5236,True
KDY10_2D.csv,KDY10,Yellow,2D,1.267273,2.6519,0.4779,True
KDY10_2E.csv,KDY10,Yellow,2E,1.308673,2.6758,0.4891,True
KDY10_3A.csv,KDY10,Yellow,3A,1.420173,2.6885,0.5282,True
KDY10_3B.csv,KDY10,Yellow,3B,1.395764,2.6661,0.5235,True
KDY10_3C.csv,KDY10,Yellow,3C,1.313527,2.6202,0.5013,True
KDY10_3D.csv,KDY10,Yellow,3D,1.417245,2.6652,0.5318,True
KDY10_3E.csv,KDY10,Yellow,3E,1.383509,2.6639,0.5194,True
KDY10_4A.csv,KDY10,Yellow,4A,1.351591,2.6596,0.5082,True
KDY10_4B.csv,KDY10,Yellow,4B,1.293527,2.6534,0.4875,True
KDY10_4C.csv,KDY10,Yellow,4C,1.296155,2.6588,0.4875,True
KDY10_4D.csv,KDY10,Yellow,4D,1.441964,2.6748,0.5391,True
KDY10_4E.csv,KDY10,Yellow,4E,1.464227,2.678,0.5468,True
KDY10_5A.csv,KDY10,Yellow,5A,1.365891,2.6706,0.5115,True
KDY10_5B.csv,KDY10,Yellow,5B,1.299727,2.6565,0.4893,True
KDY10_5C.csv,KDY10,Yellow,5C,1.263573,2.6538,0.4761,True
KDY10_5D.csv,KDY10,Yellow,5D,1.319518,2.6599,0.4961,True
KDY10_5E.csv,KDY10,Yellow,5E,1.390136,2.6751,0.5197,True
KDY11_1A.csv,KDY11,Yellow,1A,1.490882,2.7222,0.5477,True
KDY11_1B.csv,KDY11,Yellow,1B,1.436718,2.6999,0.5321,True
KDY11_1C.csv,KDY11,Yellow,1C,1.070909,2.1109,0.5073,True
KDY11_1D.csv,KDY11,Yellow,1D,1.2761,2.6631,0.4792,True
KDY11_1E.csv,KDY11,Yellow,1E,1.274291,2.6597,0.4791,True
KDY11_2A.csv,KDY11,Yellow,2A,1.464518,2.6962,0.5432,True
KDY11_2B.csv,KDY11,Yellow,2B,1.437491,2.6914,0.5341,True
KDY11_2C.csv,KDY11,Yellow,2C,1.295091,2.6318,0.4921,True
KDY11_2D.csv,KDY11,Yellow,2D,1.311618,2.6542,0.4942,True
KDY11_2E.csv,KDY11,Yellow,2E,1.359382,2.6757,0.508,True
KDY11_3A.csv,KDY11,Yellow,3A,1.469264,2.6952,0.5451,True
KDY11_3B.csv,KDY11,Yellow,3B,1.463645,2.676,0.547,True
KDY11_3C.csv,KDY11,Yellow,3C,1.373127,2.675,0.5133,True
KDY11_3D.csv,KDY11,Yellow,3D,1.472727,2.6874,0.548,True
KDY11_3E.csv,KDY11,Yellow,3E,1.459118,2.6875,0.5429,True
KDY11_4A.csv,KDY11,Yellow,4A,1.460555,2.6912,0.5427,True
KDY11_4B.csv,KDY11,Yellow,4B,1.388845,2.678,0.5186,True
KDY11_4C.csv,KDY11,Yellow,4C,1.273,2.6659,0.4775,True
KDY11_4D.csv,KDY11,Yellow,4D,1.376809,2.665,0.5166,True
KDY11_4E.csv,KDY11,Yellow,4E,1.4433,2.6737,0.5398,True
KDY11_5A.csv,KDY11,Yellow,5A,1.358991,2.6634,0.5102,True
KDY11_5B.csv,KDY11,Yellow,5B,1.281591,2.6565,0.4824,True
KDY11_5C.csv,KDY11,Yellow,5C,1.272191,2.6558,0.479,True
KDY11_5D.csv,KDY11,Yellow,5D,1.343182,2.6589,0.5052,True
KDY11_5E.csv,KDY11,Yellow,5E,1.411764,2.6678,0.5292,True
KDY12_1A.csv,KDY12,Yellow,1A,1.516809,2.7462,0.5523,True
KDY12_1B.csv,KDY12,Yellow,1B,1.480573,2.7271,0.5429,True
KDY12_1C.csv,KDY12,Yellow,1C,1.344773,2.6967,0.4987,True
KDY12_1D.csv,KDY12,Yellow,1D,1.276009,2.682,0.4758,True
KDY12_1E.csv,KDY12,Yellow,1E,1.286818,2.6748,0.4811,True
KDY12_2A.csv,KDY12,Yellow,2A,1.504318,2.7263,0.5518,True
KDY12_2B.csv,KDY12,Yellow,2B,1.465809,2.704,0.5421,True
KDY12_2C.csv,KDY12,Yellow,2C,1.297482,2.6337,0.4926,True
KDY12_2D.csv,KDY12,Yellow,2D,1.304027,2.6631,0.4897,True
KDY12_2E.csv,KDY12,Yellow,2E,1.395736,2.6868,0.5195,True
KDY12_3A.csv,KDY12,Yellow,3A,1.492364,2.707,0.5513,True
KDY12_3B.csv,KDY12,Yellow,3B,1.4588,2.6681,0.5468,True
KDY12_3C.csv,KDY12,Yellow,3C,1.354318,2.6573,0.5097,True
KDY12_3D.csv,KDY12,Yellow,3D,1.472409,2.6882,0.5477,True
KDY12_3E.csv,KDY12,Yellow,3E,1.477145,2.7002,0.5471,True
KDY12_4A.csv,KDY12,Yellow,4A,1.425818,2.6994,0.5282,True
KDY12_4B.csv,KDY12,Yellow,4B,1.321945,2.6667,0.4957,True
KDY12_4C.csv,KDY12,Yellow,4C,1.277782,2.6599,0.4804,True
KDY12_4D.csv,KDY12,Yellow,4D,1.423427,2.6759,0.5319,True
KDY12_4E.csv,KDY12,Yellow,4E,1.459764,2.6721,0.5463,True
KDY12_5A.csv,KDY12,Yellow,5A,1.363118,2.6667,0.5112,True
KDY12_5B.csv,KDY12,Yellow,5B,1.297491,2.6482,0.49,True
KDY12_5C.csv,KDY12,Yellow,5C,1.248227,2.6529,0.4705,True
KDY12_5D.csv,KDY12,Yellow,5D,1.272809,2.6435,0.4815,True
KDY12_5E.csv,KDY12,Yellow,5E,1.310345,2.6445,0.4955,True
KDY13_1A.csv,KDY13,Yellow,1A,1.536973,2.7584,0.5572,True
KDY13_1B.csv,KDY13,Yellow,1B,1.502282,2.7502,0.5462,True
KDY13_1C.csv,KDY13,Yellow,1C,1.374945,2.7222,0.5051,True
KDY13_1D.csv,KDY13,Yellow,1D,1.313482,2.7024,0.486,True
KDY13_1E.csv,KDY13,Yellow,1E,1.307297,2.7055,0.4832,True
KDY13_2A.csv,KDY13,Yellow,2A,1.539964,2.7392,0.5622,True
KDY13_2B.csv,KDY13,Yellow,2B,1.526145,2.7271,0.5596,True
KDY13_2C.csv,KDY13,Yellow,2C,1.385391,2.6765,0.5176,True
KDY13_2D.csv,KDY13,Yellow,2D,1.293673,2.6722,0.4841,True
KDY13_2E.csv,KDY13,Yellow,2E,1.310642,2.6624,0.4923,True
KDY13_3A.csv,KDY13,Yellow,3A,1.511018,2.7216,0.5552,True
KDY13_3B.csv,KDY13,Yellow,3B,1.486845,2.699,0.5509,True
KDY13_3C.csv,KDY13,Yellow,3C,1.076064,2.113,0.5093,True
KDY13_3D.csv,KDY13,Yellow,3D,1.422055,2.6324,0.5402,True
KDY13_3E.csv,KDY13,Yellow,3E,1.4493,2.6636,0.5441,True
KDY13_4A.csv,KDY13,Yellow,4A,1.387967,2.6708,0.5197,True
KDY13_4B.csv,KDY13,Yellow,4B,1.316218,2.6637,0.4941,True
KDY13_4C.csv,KDY13,Yellow,4C,1.364127,2.6767,0.5096,True
KDY13_4D.csv,KDY13,Yellow,4D,1.511245,2.6908,0.5616,True
KDY13_4E.csv,KDY13,Yellow,4E,1.494609,2.687,0.5562,True
KDY13_5A.csv,KDY13,Yellow,5A,1.398352,2.6833,0.5211,True
KDY13_5B.csv,KDY13,Yellow,5B,1.365182,2.7188,0.5021,True
KDY13_5C.csv,KDY13,Yellow,5C,1.277445,2.6823,0.4763,True
KDY13_5D.csv,KDY13,Yellow,5D,1.331873,2.6836,0.4963,True
KDY13_5E.csv,KDY13,Yellow,5E,1.387118,2.6991,0.5139,True
KDY14_1A.csv,KDY14,Yellow,1A,1.528418,2.7522,0.5553,True
KDY14_1B.csv,KDY14,Yellow,1B,1.479127,2.7286,0.5421,True
KDY14_1C.csv,KDY14,Yellow,1C,1.255379,2.4263,0.5174,True
KDY14_1D.csv,KDY14,Yellow,1D,1.311267,2.6879,0.4878,True
KDY14_1E.csv,KDY14,Yellow,1E,1.293567,2.6901,0.4809,True
KDY14_2A.csv,KDY14,Yellow,2A,1.516973,2.7297,0.5557,True
KDY14_2B.csv,KDY14,Yellow,2B,1.535782,2.729,0.5628,True
KDY14_2C.csv,KDY14,Yellow,2C,1.451355,2.7203,0.5335,True
KDY14_2D.csv,KDY14,Yellow,2D,1.312836,2.7044,0.4854,True
KDY14_2E.csv,KDY14,Yellow,2E,1.284412,2.6838,0.4786,True
KDY14_3A.csv,KDY14,Yellow,3A,1.527409,2.7237,0.5608,True
KDY14_3B.csv,KDY14,Yellow,3B,1.488327,2.7017,0.5509,True
KDY14_3C.csv,KDY14,Yellow,3C,1.257673,2.4873,0.5056,True
KDY14_3D.csv,KDY14,Yellow,3D,1.489345,2.7207,0.5474,True
KDY14_3E.csv,KDY14,Yellow,3E,1.433918,2.7063,0.5298,True
KDY14_4A.csv,KDY14,Yellow,4A,1.4321,2.7019,0.53,True
KDY14_4B.csv,KDY14,Yellow,4B,1.317182,2.6864,0.4903,True
KDY14_4C.csv,KDY14,Yellow,4C,1.344218,2.6866,0.5003,True
KDY14_4D.csv,KDY14,Yellow,4D,1.505809,2.7108,0.5555,True
KDY14_4E.csv,KDY14,Yellow,4E,1.492036,2.7075,0.5511,True
KDY14_5A.csv,KDY14,Yellow,5A,1.3938,2.6851,0.5191,True
KDY14_5B.csv,KDY14,Yellow,5B,1.311691,2.6805,0.4893,True
KDY14_5C.csv,KDY14,Yellow,5C,1.217164,2.6381,0.4614,True
KDY14_5D.csv,KDY14,Yellow,5D,1.312955,2.663,0.493,True
KDY14_5E.csv,KDY14,Yellow,5E,1.388382,2.6803,0.518,True
KDY15_1A.csv,KDY15,Yellow,1A,1.495409,2.7227,0.5492,True
KDY15_1B.csv,KDY15,Yellow,1B,1.457464,2.7191,0.536,True
KDY15_1C.csv,KDY15,Yellow,1C,1.3504,2.6944,0.5012,True
KDY15_1D.csv,KDY15,Yellow,1D,1.288418,2.6687,0.4828,True
KDY15_1E.csv,KDY15,Yellow,1E,1.272355,2.6557,0.4791,True
KDY15_2A.csv,KDY15,Yellow,2A,1.456736,2.6786,0.5438,True
KDY15_2B.csv,KDY15,Yellow,2B,1.460636,2.6778,0.5455,True
KDY15_2C.csv,KDY15,Yellow,2C,1.340109,2.6591,0.504,True
KDY15_2D.csv,KDY15,Yellow,2D,1.267527,2.6517,0.478,True
KDY15_2E.csv,KDY15,Yellow,2E,1.303173,2.6692,0.4882,True
KDY15_3A.csv,KDY15,Yellow,3A,1.407618,2.6722,0.5268,True
KDY15_3B.csv,KDY15,Yellow,3B,1.405609,2.6815,0.5242,True
KDY15_3C.csv,KDY15,Yellow,3C,1.336691,2.5394,0.5264,True
KDY15_3D.csv,KDY15,Yellow,3D,1.398982,2.6755,0.5229,True
KDY15_3E.csv,KDY15,Yellow,3E,1.376364,2.6793,0.5137,True
KDY15_4A.csv,KDY15,Yellow,4A,1.324727,2.6512,0.4997,True
KDY15_4B.csv,KDY15,Yellow,4B,1.252618,2.6315,0.476,True
KDY15_4C.csv,KDY15,Yellow,4C,1.337036,2.6525,0.5041,True
KDY15_4D.csv,KDY15,Yellow,4D,1.444164,2.6607,0.5428,True
KDY15_4E.csv,KDY15,Yellow,4E,1.437064,2.6612,0.54,True
KDY15_5A.csv,KDY15,Yellow,5A,1.405918,2.667,0.5272,True
KDY15_5B.csv,KDY15,Yellow,5B,1.322855,2.6518,0.4989,True
KDY15_5C.csv,KDY15,Yellow,5C,1.249973,2.6423,0.4731,True
KDY15_5D.csv,KDY15,Yellow,5D,1.272691,2.6351,0.483,True
KDY15_5E.csv,KDY15,Yellow,5E,1.322973,2.6306,0.5029,True
KDY16_1A.csv,KDY16,Yellow,1A,1.408555,2.7019,0.5213,True
KDY16_1B.csv,KDY16,Yellow,1B,1.347155,2.6538,0.5076,True
KDY16_1C.csv,KDY16,Yellow,1C,1.287064,2.6374,0.488,True
KDY16_1D.csv,KDY16,Yellow,1D,1.270655,2.6419,0.481,True
KDY16_1E.csv,KDY16,Yellow,1E,1.294936,2.6538,0.488,True
KDY16_2A.csv,KDY16,Yellow,2A,1.475136,2.6889,0.5486,True
KDY16_2B.csv,KDY16,Yellow,2B,1.468336,2.6646,0.5511,True
KDY16_2C.csv,KDY16,Yellow,2C,1.4567,2.6608,0.5475,True
KDY16_2D.csv,KDY16,Yellow,2D,1.302727,2.6552,0.4906,True
KDY16_2E.csv,KDY16,Yellow,2E,1.275573,2.6515,0.4811,True
KDY16_3A.csv,KDY16,Yellow,3A,1.417773,2.6791,0.5292,True
KDY16_3B.csv,KDY16,Yellow,3B,1.404373,2.6725,0.5255,True
KDY16_3C.csv,KDY16,Yellow,3C,1.275173,2.562,0.4977,True
KDY16_3D.csv,KDY16,Yellow,3D,1.323845,2.6381,0.5018,True
KDY16_3E.csv,KDY16,Yellow,3E,1.296582,2.6691,0.4858,True
KDY16_4A.csv,KDY16,Yellow,4A,1.339291,2.6645,0.5026,True
KDY16_4B.csv,KDY16,Yellow,4B,1.267991,2.6391,0.4805,True
KDY16_4C.csv,KDY16,Yellow,4C,1.330855,2.6482,0.5026,True
KDY16_4D.csv,KDY16,Yellow,4D,1.466145,2.6658,0.55,True
KDY16_4E.csv,KDY16,Yellow,4E,1.450164,2.6666,0.5438,True
KDY16_5A.csv,KDY16,Yellow,5A,1.275009,2.6426,0.4825,True
KDY16_5B.csv,KDY16,Yellow,5B,1.249364,2.6191,0.477,True
KDY16_5C.csv,KDY16,Yellow,5C,1.3281,2.6431,0.5025,True
KDY16_5D.csv,KDY16,Yellow,5D,1.415236,2.6485,0.5344,True
KDY16_5E.csv,KDY16,Yellow,5E,1.446791,2.6618,0.5435,True
KDY17_1A.csv,KDY17,Yellow,1A,1.468573,2.7052,0.5429,True
KDY17_1B.csv,KDY17,Yellow,1B,1.443864,2.7087,0.533,True
KDY17_1C.csv,KDY17,Yellow,1C,1.303455,2.6033,0.5007,True
KDY17_1D.csv,KDY17,Yellow,1D,1.278273,2.6696,0.4788,True
KDY17_1E.csv,KDY17,Yellow,1E,1.279173,2.6645,0.4801,True
KDY17_2A.csv,KDY17,Yellow,2A,1.472418,2.6803,0.5493,True
KDY17_2B.csv,KDY17,Yellow,2B,1.474227,2.6897,0.5481,True
KDY17_2C.csv,KDY17,Yellow,2C,1.354064,2.658,0.5094,True
KDY17_2D.csv,KDY17,Yellow,2D,1.264973,2.6407,0.479,True
KDY17_2E.csv,KDY17,Yellow,2E,1.305218,2.6327,0.4958,True
KDY17_3A.csv,KDY17,Yellow,3A,1.417691,2.6576,0.5334,True
KDY17_3B.csv,KDY17,Yellow,3B,1.379936,2.6211,0.5265,True
KDY17_3C.csv,KDY17,Yellow,3C,1.181955,2.3835,0.4959,True
KDY17_3D.csv,KDY17,Yellow,3D,1.379927,2.6477,0.5212,True
KDY17_3E.csv,KDY17,Yellow,3E,1.372464,2.6589,0.5162,True
KDY17_4A.csv,KDY17,Yellow,4A,1.273318,2.5642,0.4966,True
KDY17_4B.csv,KDY17,Yellow,4B,1.211482,2.5702,0.4714,True
KDY17_4C.csv,KDY17,Yellow,4C,1.258545,2.5954,0.4849,True
KDY17_4D.csv,KDY17,Yellow,4D,1.420718,2.6318,0.5398,True
KDY17_4E.csv,KDY17,Yellow,4E,1.428018,2.6421,0.5405,True
KDY17_5A.csv,KDY17,Yellow,5A,1.312827,2.6142,0.5022,True
KDY17_5B.csv,KDY17,Yellow,5B,1.262664,2.6263,0.4808,True
KDY17_5C.csv,KDY17,Yellow,5C,1.243855,2.6285,0.4732,True
KDY17_5D.csv,KDY17,Yellow,5D,1.318636,2.6347,0.5005,True
KDY17_5E.csv,KDY17,Yellow,5E,1.356018,2.6359,0.5144,True
KDY18_1A.csv,KDY18,Yellow,1A,1.485891,2.7209,0.5461,True
KDY18_1B.csv,KDY18,Yellow,1B,1.448927,2.717,0.5333,True
KDY18_1C.csv,KDY18,Yellow,1C,1.379345,2.7005,0.5108,True
KDY18_1D.csv,KDY18,Yellow,1D,1.308518,2.6769,0.4888,True
KDY18_1E.csv,KDY18,Yellow,1E,1.294382,2.6783,0.4833,True
KDY18_2A.csv,KDY18,Yellow,2A,1.469836,2.6846,0.5475,True
KDY18_2B.csv,KDY18,Yellow,2B,1.460927,2.6684,0.5475,True
KDY18_2C.csv,KDY18,Yellow,2C,1.364991,2.6564,0.5138,True
KDY18_2D.csv,KDY18,Yellow,2D,1.258564,2.6391,0.4769,True
KDY18_2E.csv,KDY18,Yellow,2E,1.191045,2.5435,0.4683,True
KDY18_3A.csv,KDY18,Yellow,3A,1.340573,2.6085,0.5139,True
KDY18_3B.csv,KDY18,Yellow,3B,1.365309,2.6313,0.5189,True
KDY18_3C.csv,KDY18,Yellow,3C,1.267955,2.5006,0.5071,True
KDY18_3D.csv,KDY18,Yellow,3D,1.290645,2.6074,0.495,True
KDY18_3E.csv,KDY18,Yellow,3E,1.319045,2.6544,0.4969,True
KDY18_4A.csv,KDY18,Yellow,4A,1.315018,2.6447,0.4972,True
KDY18_4B.csv,KDY18,Yellow,4B,1.253173,2.6271,0.477,True
KDY18_4C.csv,KDY18,Yellow,4C,1.342636,2.6517,0.5063,True
KDY18_4D.csv,KDY18,Yellow,4D,1.468727,2.6636,0.5514,True
KDY18_4E.csv,KDY18,Yellow,4E,1.452391,2.6635,0.5453,True
KDY18_5A.csv,KDY18,Yellow,5A,1.2963,2.6467,0.4898,True
KDY18_5B.csv,KDY18,Yellow,5B,1.265682,2.6461,0.4783,True
KDY18_5C.csv,KDY18,Yellow,5C,1.318636,2.6445,0.4986,True
KDY18_5D.csv,KDY18,Yellow,5D,1.418082,2.668,0.5315,True
KDY18_5E.csv,KDY18,Yellow,5E,1.464636,2.6772,0.5471,True
KDY19_1A.csv,KDY19,Yellow,1A,1.439382,2.7102,0.5311,True
KDY19_1B.csv,KDY19,Yellow,1B,1.425182,2.671,0.5336,True
KDY19_1C.csv,KDY19,Yellow,1C,1.050845,2.0497,0.5127,True
KDY19_1D.csv,KDY19,Yellow,1D,1.285355,2.6445,0.486,True
KDY19_1E.csv,KDY19,Yellow,1E,1.266718,2.6609,0.476,True
KDY19_2A.csv,KDY19,Yellow,2A,1.399036,2.629,0.5322,True
KDY19_2B.csv,KDY19,Yellow,2B,1.387727,2.6005,0.5336,True
KDY19_2C.csv,KDY19,Yellow,2C,1.332336,2.6477,0.5032,True
KDY19_2D.csv,KDY19,Yellow,2D,1.244227,2.6206,0.4748,True
KDY19_2E.csv,KDY19,Yellow,2E,1.276109,2.6586,0.48,True
KDY19_3A.csv,KDY19,Yellow,3A,1.374591,2.6619,0.5164,True
KDY19_3B.csv,KDY19,Yellow,3B,1.347555,2.6396,0.5105,True
KDY19_3C.csv,KDY19,Yellow,3C,1.300327,2.5459,0.5108,True
KDY19_3D.csv,KDY19,Yellow,3D,1.440927,2.7137,0.531,True
KDY19_3E.csv,KDY19,Yellow,3E,1.360982,2.6715,0.5094,True
KDY19_4A.csv,KDY19,Yellow,4A,1.109391,2.4024,0.4618,True
KDY19_4B.csv,KDY19,Yellow,4B,1.141945,2.4797,0.4605,True
KDY19_4C.csv,KDY19,Yellow,4C,1.248282,2.5692,0.4859,True
KDY19_4D.csv,KDY19,Yellow,4D,1.47,2.6435,0.5561,True
KDY19_4E.csv,KDY19,Yellow,4E,1.406364,2.6426,0.5322,True
KDY19_5A.csv,KDY19,Yellow,5A,1.301455,2.6329,0.4943,True
KDY19_5B.csv,KDY19,Yellow,5B,1.208845,2.5645,0.4714,True
KDY19_5C.csv,KDY19,Yellow,5C,1.216445,2.5791,0.4717,True
KDY19_5D.csv,KDY19,Yellow,5D,1.3077,2.6133,0.5004,True
KDY19_5E.csv,KDY19,Yellow,5E,1.373873,2.6401,0.5204,True
KDY1_1A.csv,KDY1,Yellow,1A,1.319436,2.6373,0.5003,True
KDY1_1B.csv,KDY1,Yellow,1B,1.4074,2.7012,0.521,True
KDY1_1C.csv,KDY1,Yellow,1C,1.5124,2.7239,0.5552,True
KDY1_1D.csv,KDY1,Yellow,1D,1.5268,2.6941,0.5667,True
KDY1_1E.csv,KDY1,Yellow,1E,1.5441,2.7045,0.5709,True
KDY1_2A.csv,KDY1,Yellow,2A,1.5474,2.6983,0.5735,True
KDY1_2B.csv,KDY1,Yellow,2B,1.5434,2.6882,0.5741,True
KDY1_2C.csv,KDY1,Yellow,2C,1.4175,2.6378,0.5374,True
KDY1_2D.csv,KDY1,Yellow,2D,1.3403,2.6606,0.5038,True
KDY1_2E.csv,KDY1,Yellow,2E,1.3648,2.6611,0.5129,True
KDY1_3A.csv,KDY1,Yellow,3A,1.501648,2.6726,0.5619,True
KDY1_3B.csv,KDY1,Yellow,3B,1.483152,2.6516,0.5593,True
KDY1_3C.csv,KDY1,Yellow,3C,1.191773,2.2791,0.5229,True
KDY1_3D.csv,KDY1,Yellow,3D,1.470464,2.6382,0.5574,True
KDY1_3E.csv,KDY1,Yellow,3E,1.457158,2.6585,0.5481,True
KDY1_4A.csv,KDY1,Yellow,4A,1.413491,2.616,0.5403,True
KDY1_4B.csv,KDY1,Yellow,4B,1.322212,2.6484,0.4992,True
KDY1_4C.csv,KDY1,Yellow,4C,1.343645,2.6425,0.5085,True
KDY1_4D.csv,KDY1,Yellow,4D,1.49223,2.6541,0.5622,True
KDY1_4E.csv,KDY1,Yellow,4E,1.458982,2.6589,0.5487,True
KDY1_5A.csv,KDY1,Yellow,5A,1.409212,2.6454,0.5327,True
KDY1_5B.csv,KDY1,Yellow,5B,1.345436,2.6241,0.5127,True
KDY1_5C.csv,KDY1,Yellow,5C,1.259382,2.6078,0.4829,True
KDY1_5D.csv,KDY1,Yellow,5D,1.304339,2.6288,0.4962,True
KDY1_5E.csv,KDY1,Yellow,5E,1.274155,2.6262,0.4852,True
KDY20_1A.csv,KDY20,Yellow,1A,1.504727,2.736,0.55,True
KDY20_1B.csv,KDY20,Yellow,1B,1.462445,2.7191,0.5378,True
KDY20_1C.csv,KDY20,Yellow,1C,1.018564,1.981,0.5142,True
KDY20_1D.csv,KDY20,Yellow,1D,1.304464,2.6953,0.484,True
KDY20_1E.csv,KDY20,Yellow,1E,1.295945,2.6974,0.4804,True
KDY20_2A.csv,KDY20,Yellow,2A,1.497491,2.7267,0.5492,True
KDY20_2B.csv,KDY20,Yellow,2B,1.486955,2.7093,0.5488,True
KDY20_2C.csv,KDY20,Yellow,2C,1.379627,2.6799,0.5148,True
KDY20_2D.csv,KDY20,Yellow,2D,1.289927,2.6858,0.4803,True
KDY20_2E.csv,KDY20,Yellow,2E,1.318664,2.6951,0.4893,True
KDY20_3A.csv,KDY20,Yellow,3A,1.473055,2.7228,0.541,True
KDY20_3B.csv,KDY20,Yellow,3B,1.471673,2.7178,0.5415,True
KDY20_3C.csv,KDY20,Yellow,3C,1.354564,2.5603,0.5291,True
KDY20_3D.csv,KDY20,Yellow,3D,1.3704,2.6131,0.5244,True
KDY20_3E.csv,KDY20,Yellow,3E,1.414273,2.7007,0.5237,True
KDY20_4A.csv,KDY20,Yellow,4A,1.357918,2.7018,0.5026,True
KDY20_4B.csv,KDY20,Yellow,4B,1.305145,2.6917,0.4849,True
KDY20_4C.csv,KDY20,Yellow,4C,1.359409,2.7021,0.5031,True
KDY20_4D.csv,KDY20,Yellow,4D,1.478164,2.7056,0.5463,True
KDY20_4E.csv,KDY20,Yellow,4E,1.481373,2.7123,0.5462,True
KDY20_5A.csv,KDY20,Yellow,5A,1.398055,2.6947,0.5188,True
KDY20_5B.csv,KDY20,Yellow,5B,1.305836,2.6857,0.4862,True
KDY20_5C.csv,KDY20,Yellow,5C,1.281118,2.6819,0.4777,True
KDY20_5D.csv,KDY20,Yellow,5D,1.326818,2.6831,0.4945,True
KDY20_5E.csv,KDY20,Yellow,5E,1.412936,2.6892,0.5254,True
KDY21_1A.csv,KDY21,Yellow,1A,1.493109,2.7481,0.5433,True
KDY21_1B.csv,KDY21,Yellow,1B,1.457191,2.7324,0.5333,True
KDY21_1C.csv,KDY21,Yellow,1C,1.203091,2.3595,0.5099,True
KDY21_1D.csv,KDY21,Yellow,1D,1.303009,2.6909,0.4842,True
KDY21_1E.csv,KDY21,Yellow,1E,1.292709,2.7,0.4788,True
KDY21_2A.csv,KDY21,Yellow,2A,1.471682,2.7221,0.5406,True
KDY21_2B.csv,KDY21,Yellow,2B,1.473918,2.7135,0.5432,True
KDY21_2C.csv,KDY21,Yellow,2C,1.3598,2.6886,0.5058,True
KDY21_2D.csv,KDY21,Yellow,2D,1.265073,2.6588,0.4758,True
KDY21_2E.csv,KDY21,Yellow,2E,1.275182,2.6627,0.4789,True
KDY21_3A.csv,KDY21,Yellow,3A,1.435155,2.6972,0.5321,True
KDY21_3B.csv,KDY21,Yellow,3B,1.428864,2.6971,0.5298,True
KDY21_3C.csv,KDY21,Yellow,3C,1.349582,2.6323,0.5127,True
KDY21_3D.csv,KDY21,Yellow,3D,1.4844,2.735,0.5427,True
KDY21_3E.csv,KDY21,Yellow,3E,1.406945,2.6905,0.5229,True
KDY21_4A.csv,KDY21,Yellow,4A,1.375818,2.6789,0.5136,True
KDY21_4B.csv,KDY21,Yellow,4B,1.307973,2.6477,0.494,True
KDY21_4C.csv,KDY21,Yellow,4C,1.277864,2.6665,0.4792,True
KDY21_4D.csv,KDY21,Yellow,4D,1.493082,2.7126,0.5504,True
KDY21_4E.csv,KDY21,Yellow,4E,1.446727,2.6924,0.5373,True
KDY21_5A.csv,KDY21,Yellow,5A,1.358973,2.6821,0.5067,True
KDY21_5B.csv,KDY21,Yellow,5B,1.282964,2.6556,0.4831,True
KDY21_5C.csv,KDY21,Yellow,5C,1.242282,2.6424,0.4701,True
KDY21_5D.csv,KDY21,Yellow,5D,1.307818,2.6598,0.4917,True
KDY21_5E.csv,KDY21,Yellow,5E,1.325518,2.6325,0.5035,True
KDY22_1A.csv,KDY22,Yellow,1A,1.501645,2.735,0.549,True
KDY22_1B.csv,KDY22,Yellow,1B,1.467773,2.729,0.5378,True
KDY22_1C.csv,KDY22,Yellow,1C,1.309018,2.5262,0.5182,True
KDY22_1D.csv,KDY22,Yellow,1D,1.325664,2.7007,0.4909,True
KDY22_1E.csv,KDY22,Yellow,1E,1.300064,2.7017,0.4812,True
KDY22_2A.csv,KDY22,Yellow,2A,1.496991,2.7228,0.5498,True
KDY22_2B.csv,KDY22,Yellow,2B,1.484364,2.7126,0.5472,True
KDY22_2C.csv,KDY22,Yellow,2C,1.359282,2.6656,0.5099,True
KDY22_2D.csv,KDY22,Yellow,2D,1.321418,2.7049,0.4885,True
KDY22_2E.csv,KDY22,Yellow,2E,1.318836,2.6829,0.4916,True
KDY22_3A.csv,KDY22,Yellow,3A,1.4343,2.7131,0.5287,True
KDY22_3B.csv,KDY22,Yellow,3B,1.425573,2.6977,0.5284,True
KDY22_3C.csv,KDY22,Yellow,3C,0.944909,1.85,0.5108,True
KDY22_3D.csv,KDY22,Yellow,3D,1.416536,2.6869,0.5272,True
KDY22_3E.csv,KDY22,Yellow,3E,1.401173,2.6943,0.5201,True
KDY22_4A.csv,KDY22,Yellow,4A,1.386145,2.699,0.5136,True
KDY22_4B.csv,KDY22,Yellow,4B,1.335555,2.6877,0.4969,True
KDY22_4C.csv,KDY22,Yellow,4C,1.3038,2.6894,0.4848,True
KDY22_4D.csv,KDY22,Yellow,4D,1.4414,2.6935,0.5351,True
KDY22_4E.csv,KDY22,Yellow,4E,1.472545,2.7059,0.5442,True
KDY22_5A.csv,KDY22,Yellow,5A,1.362136,2.6992,0.5046,True
KDY22_5B.csv,KDY22,Yellow,5B,1.288864,2.6815,0.4807,True
KDY22_5C.csv,KDY22,Yellow,5C,1.294645,2.6738,0.4842,True
KDY22_5D.csv,KDY22,Yellow,5D,1.378809,2.6906,0.5125,True
KDY22_5E.csv,KDY22,Yellow,5E,1.454945,2.6974,0.5394,True
KDY23_1A.csv,KDY23,Yellow,1A,1.493609,2.737,0.5457,True
KDY23_1B.csv,KDY23,Yellow,1B,1.481318,2.7372,0.5412,True
KDY23_1C.csv,KDY23,Yellow,1C,1.146191,2.209,0.5189,True
KDY23_1D.csv,KDY23,Yellow,1D,1.339227,2.7213,0.4921,True
KDY23_1E.csv,KDY23,Yellow,1E,1.3063,2.7139,0.4813,True
KDY23_2A.csv,KDY23,Yellow,2A,1.495182,2.746,0.5445,True
KDY23_2B.csv,KDY23,Yellow,2B,1.487518,2.7232,0.5462,True
KDY23_2C.csv,KDY23,Yellow,2C,1.393555,2.6865,0.5187,True
KDY23_2D.csv,KDY23,Yellow,2D,1.298382,2.7089,0.4793,True
KDY23_2E.csv,KDY23,Yellow,2E,1.310609,2.6962,0.4861,True
KDY23_3A.csv,KDY23,Yellow,3A,1.412845,2.7313,0.5173,True
KDY23_3B.csv,KDY23,Yellow,3B,1.408518,2.7288,0.5162,True
KDY23_3C.csv,KDY23,Yellow,3C,1.433709,2.7776,0.5162,True
KDY23_3D.csv,KDY23,Yellow,3D,1.403791,2.67,0.5258,True
KDY23_3E.csv,KDY23,Yellow,3E,1.381791,2.7133,0.5093,True
KDY23_4A.csv,KDY23,Yellow,4A,1.316218,2.6953,0.4883,True
KDY23_4B.csv,KDY23,Yellow,4B,1.273909,2.6892,0.4737,True
KDY23_4C.csv,KDY23,Yellow,4C,1.354518,2.7051,0.5007,True
KDY23_4D.csv,KDY23,Yellow,4D,1.466009,2.7151,0.5399,True
KDY23_4E.csv,KDY23,Yellow,4E,1.439455,2.7033,0.5325,True
KDY23_5A.csv,KDY23,Yellow,5A,1.285255,2.6836,0.4789,True
KDY23_5B.csv,KDY23,Yellow,5B,1.247573,2.6615,0.4687,True
KDY23_5C.csv,KDY23,Yellow,5C,1.292845,2.6357,0.4905,True
KDY23_5D.csv,KDY23,Yellow,5D,1.361936,2.6495,0.514,True
KDY23_5E.csv,KDY23,Yellow,5E,1.403391,2.6648,0.5266,True
KDY24_1A.csv,KDY24,Yellow,1A,1.497036,2.7481,0.5448,True
KDY24_1B.csv,KDY24,Yellow,1B,1.450591,2.7347,0.5304,True
KDY24_1C.csv,KDY24,Yellow,1C,1.384336,2.7162,0.5097,True
KDY24_1D.csv,KDY24,Yellow,1D,1.305109,2.6893,0.4853,True
KDY24_1E.csv,KDY24,Yellow,1E,1.271364,2.6711,0.476,True
KDY24_2A.csv,KDY24,Yellow,2A,1.463345,2.7176,0.5385,True
KDY24_2B.csv,KDY24,Yellow,2B,1.438755,2.6714,0.5386,True
KDY24_2C.csv,KDY24,Yellow,2C,1.419291,2.6893,0.5278,True
KDY24_2D.csv,KDY24,Yellow,2D,1.256918,2.6474,0.4748,True
KDY24_2E.csv,KDY24,Yellow,2E,1.262255,2.6413,0.4779,True
KDY24_3A.csv,KDY24,Yellow,3A,1.363782,2.6747,0.5099,True
KDY24_3B.csv,KDY24,Yellow,3B,1.3859,2.6909,0.515,True
KDY24_3C.csv,KDY24,Yellow,3C,1.388291,2.6378,0.5263,True
KDY24_3D.csv,KDY24,Yellow,3D,1.345145,2.6151,0.5144,True
KDY24_3E.csv,KDY24,Yellow,3E,1.359891,2.6801,0.5074,True
KDY24_4A.csv,KDY24,Yellow,4A,1.321073,2.6849,0.492,True
KDY24_4B.csv,KDY24,Yellow,4B,1.279091,2.6768,0.4778,True
KDY24_4C.csv,KDY24,Yellow,4C,1.356373,2.6989,0.5026,True
KDY24_4D.csv,KDY24,Yellow,4D,1.455973,2.6881,0.5416,True
KDY24_4E.csv,KDY24,Yellow,4E,1.419864,2.6772,0.5304,True
KDY24_5A.csv,KDY24,Yellow,5A,1.321227,2.6751,0.4939,True
KDY24_5B.csv,KDY24,Yellow,5B,1.223455,2.6424,0.463,True
KDY24_5C.csv,KDY24,Yellow,5C,1.2483,2.6459,0.4718,True
KDY24_5D.csv,KDY24,Yellow,5D,1.324527,2.6481,0.5002,True
KDY24_5E.csv,KDY24,Yellow,5E,1.378536,2.6501,0.5202,True
KDY25_1A.csv,KDY25,Yellow,1A,1.4912,2.7351,0.5452,True
KDY25_1B.csv,KDY25,Yellow,1B,1.484118,2.744,0.5409,True
KDY25_1C.csv,KDY25,Yellow,1C,1.332227,2.5454,0.5234,True
KDY25_1D.csv,KDY25,Yellow,1D,1.338609,2.7113,0.4937,True
KDY25_1E.csv,KDY25,Yellow,1E,1.294473,2.6996,0.4795,True
KDY25_2A.csv,KDY25,Yellow,2A,1.473309,2.7367,0.5384,True
KDY25_2B.csv,KDY25,Yellow,2B,1.485145,2.734,0.5432,True
KDY25_2C.csv,KDY25,Yellow,2C,1.381182,2.7034,0.5109,True
KDY25_2D.csv,KDY25,Yellow,2D,1.273336,2.6921,0.473,True
KDY25_2E.csv,KDY25,Yellow,2E,1.289182,2.6737,0.4822,True
KDY25_3A.csv,KDY25,Yellow,3A,1.413036,2.7069,0.522,True
KDY25_3B.csv,KDY25,Yellow,3B,1.420555,2.7146,0.5233,True
KDY25_3C.csv,KDY25,Yellow,3C,1.326391,2.6751,0.4958,True
KDY25_3D.csv,KDY25,Yellow,3D,1.358482,2.6995,0.5032,True
KDY25_3E.csv,KDY25,Yellow,3E,1.355691,2.6945,0.5031,True
KDY25_4A.csv,KDY25,Yellow,4A,1.288991,2.692,0.4788,True
KDY25_4B.csv,KDY25,Yellow,4B,1.266173,2.6797,0.4725,True
KDY25_4C.csv,KDY25,Yellow,4C,1.386809,2.6965,0.5143,True
KDY25_4D.csv,KDY25,Yellow,4D,1.442,2.6942,0.5352,True
KDY25_4E.csv,KDY25,Yellow,4E,1.3618,2.6764,0.5088,True
KDY25_5A.csv,KDY25,Yellow,5A,1.279118,2.6668,0.4796,True
KDY25_5B.csv,KDY25,Yellow,5B,1.265582,2.6815,0.472,True
KDY25_5C.csv,KDY25,Yellow,5C,1.330918,2.6868,0.4954,True
KDY25_5D.csv,KDY25,Yellow,5D,1.399882,2.6824,0.5219,True
KDY25_5E.csv,KDY25,Yellow,5E,1.420991,2.6787,0.5305,True
KDY26_1A.csv,KDY26,Yellow,1A,1.496691,2.7227,0.5497,True
KDY26_1B.csv,KDY26,Yellow,1B,1.457373,2.7233,0.5351,True
KDY26_1C.csv,KDY26,Yellow,1C,1.384436,2.7121,0.5105,True
KDY26_1D.csv,KDY26,Yellow,1D,1.3133,2.6871,0.4887,True
KDY26_1E.csv,KDY26,Yellow,1E,1.279727,2.6878,0.4761,True
KDY26_2A.csv,KDY26,Yellow,2A,1.452582,2.6961,0.5388,True
KDY26_2B.csv,KDY26,Yellow,2B,1.439536,2.66,0.5412,True
KDY26_2C.csv,KDY26,Yellow,2C,1.371109,2.6234,0.5226,True
KDY26_2D.csv,KDY26,Yellow,2D,1.268,2.6459,0.4792,True
KDY26_2E.csv,KDY26,Yellow,2E,1.262273,2.6558,0.4753,True
KDY26_3A.csv,KDY26,Yellow,3A,1.373136,2.6626,0.5157,True
KDY26_3B.csv,KDY26,Yellow,3B,1.365318,2.6609,0.5131,True
KDY26_3C.csv,KDY26,Yellow,3C,1.242509,2.4021,0.5173,True
KDY26_3D.csv,KDY26,Yellow,3D,1.330909,2.6558,0.5011,True
KDY26_3E.csv,KDY26,Yellow,3E,1.314155,2.67,0.4922,True
KDY26_4A.csv,KDY26,Yellow,4A,1.277655,2.6401,0.4839,True
KDY26_4B.csv,KDY26,Yellow,4B,1.240773,2.6296,0.4718,True
KDY26_4C.csv,KDY26,Yellow,4C,1.351145,2.6586,0.5082,True
KDY26_4D.csv,KDY26,Yellow,4D,1.412136,2.6378,0.5353,True
KDY26_4E.csv,KDY26,Yellow,4E,1.370582,2.6488,0.5174,True
KDY26_5A.csv,KDY26,Yellow,5A,1.265327,2.6431,0.4787,True
KDY26_5B.csv,KDY26,Yellow,5B,1.214318,2.6292,0.4619,True
KDY26_5C.csv,KDY26,Yellow,5C,1.280309,2.6348,0.4859,True
KDY26_5D.csv,KDY26,Yellow,5D,1.348955,2.6351,0.5119,True
KDY26_5E.csv,KDY26,Yellow,5E,1.390127,2.6534,0.5239,True
KDY2_1A.csv,KDY2,Yellow,1A,1.496464,2.7102,0.5522,True
KDY2_1B.csv,KDY2,Yellow,1B,1.431409,2.6623,0.5377,True
KDY2_1C.csv,KDY2,Yellow,1C,1.312218,2.6068,0.5034,True
KDY2_1D.csv,KDY2,Yellow,1D,1.246618,2.6016,0.4792,True
KDY2_1E.csv,KDY2,Yellow,1E,1.224336,2.5853,0.4736,True
KDY2_2A.csv,KDY2,Yellow,2A,1.453136,2.6544,0.5474,True
KDY2_2B.csv,KDY2,Yellow,2B,1.433864,2.6277,0.5457,True
KDY2_2C.csv,KDY2,Yellow,2C,1.307527,2.584,0.506,True
KDY2_2D.csv,KDY2,Yellow,2D,1.187991,2.5537,0.4652,True
KDY2_2E.csv,KDY2,Yellow,2E,1.178982,2.5435,0.4635,True
KDY2_3A.csv,KDY2,Yellow,3A,1.373082,2.5838,0.5314,True
KDY2_3B.csv,KDY2,Yellow,3B,1.303191,2.5452,0.512,True
KDY2_3C.csv,KDY2,Yellow,3C,1.276982,2.5282,0.5051,True
KDY2_3D.csv,KDY2,Yellow,3D,1.288955,2.5182,0.5119,True
KDY2_3E.csv,KDY2,Yellow,3E,1.392173,2.5843,0.5387,True
KDY2_4A.csv,KDY2,Yellow,4A,1.269355,2.5699,0.4939,True
KDY2_4B.csv,KDY2,Yellow,4B,1.201427,2.5445,0.4722,True
KDY2_4C.csv,KDY2,Yellow,4C,1.174882,2.5211,0.466,True
KDY2_4D.csv,KDY2,Yellow,4D,1.321991,2.5196,0.5247,True
KDY2_4E.csv,KDY2,Yellow,4E,1.307882,2.5193,0.5191,True
KDY2_5A.csv,KDY2,Yellow,5A,1.146118,2.4682,0.4644,True
KDY2_5B.csv,KDY2,Yellow,5B,1.083009,2.4324,0.4452,True
KDY2_5C.csv,KDY2,Yellow,5C,1.098755,2.4307,0.452,True
KDY2_5D.csv,KDY2,Yellow,5D,1.189591,2.4547,0.4846,True
KDY2_5E.csv,KDY2,Yellow,5E,1.235533,2.4789,0.4984,True
KDY3_1A.csv,KDY3,Yellow,1A,1.477827,2.6976,0.5478,True
KDY3_1B.csv,KDY3,Yellow,1B,1.461036,2.6872,0.5437,True
KDY3_1C.csv,KDY3,Yellow,1C,1.071045,2.0913,0.5121,True
KDY3_1D.csv,KDY3,Yellow,1D,1.2564,2.629,0.4779,True
KDY3_1E.csv,KDY3,Yellow,1E,1.239145,2.6237,0.4723,True
KDY3_2A.csv,KDY3,Yellow,2A,1.438473,2.6644,0.5399,True
KDY3_2B.csv,KDY3,Yellow,2B,1.429245,2.6456,0.5402,True
KDY3_2C.csv,KDY3,Yellow,2C,1.300573,2.5946,0.5013,True
KDY3_2D.csv,KDY3,Yellow,2D,1.222055,2.5966,0.4706,True
KDY3_2E.csv,KDY3,Yellow,2E,1.283473,2.6288,0.4882,True
KDY3_3A.csv,KDY3,Yellow,3A,1.340682,2.6354,0.5087,True
KDY3_3B.csv,KDY3,Yellow,3B,1.326245,2.6258,0.5051,True
KDY3_3C.csv,KDY3,Yellow,3C,1.323055,2.5437,0.5201,True
KDY3_3D.csv,KDY3,Yellow,3D,1.307591,2.5548,0.5118,True
KDY3_3E.csv,KDY3,Yellow,3E,1.344791,2.6344,0.5105,True
KDY3_4A.csv,KDY3,Yellow,4A,1.304836,2.6319,0.4958,True
KDY3_4B.csv,KDY3,Yellow,4B,1.236155,2.6146,0.4728,True
KDY3_4C.csv,KDY3,Yellow,4C,1.2748,2.6233,0.486,True
KDY3_4D.csv,KDY3,Yellow,4D,1.387682,2.602,0.5333,True
KDY3_4E.csv,KDY3,Yellow,4E,1.3976,2.6198,0.5335,True
KDY3_5A.csv,KDY3,Yellow,5A,1.268836,2.6119,0.4858,True
KDY3_5B.csv,KDY3,Yellow,5B,1.220073,2.5874,0.4715,True
KDY3_5C.csv,KDY3,Yellow,5C,1.240391,2.6163,0.4741,True
KDY3_5D.csv,KDY3,Yellow,5D,1.291573,2.62,0.493,True
KDY3_5E.csv,KDY3,Yellow,5E,1.333091,2.6227,0.5083,True
KDY4_1A.csv,KDY4,Yellow,1A,1.5273,2.735,0.5584,True
KDY4_1B.csv,KDY4,Yellow,1B,1.478818,2.7116,0.5454,True
KDY4_1C.csv,KDY4,Yellow,1C,1.373282,2.6887,0.5108,True
KDY4_1D.csv,KDY4,Yellow,1D,1.288391,2.6693,0.4827,True
KDY4_1E.csv,KDY4,Yellow,1E,1.263473,2.6617,0.4747,True
KDY4_2A.csv,KDY4,Yellow,2A,1.492664,2.6948,0.5539,True
KDY4_2B.csv,KDY4,Yellow,2B,1.488236,2.6831,0.5547,True
KDY4_2C.csv,KDY4,Yellow,2C,1.361855,2.6266,0.5185,True
KDY4_2D.csv,KDY4,Yellow,2D,1.241436,2.6148,0.4748,True
KDY4_2E.csv,KDY4,Yellow,2E,1.275773,2.6369,0.4838,True
KDY4_3A.csv,KDY4,Yellow,3A,1.398436,2.6451,0.5287,True
KDY4_3B.csv,KDY4,Yellow,3B,1.416473,2.6493,0.5347,True
KDY4_3C.csv,KDY4,Yellow,3C,1.410282,2.7263,0.5173,True
KDY4_3D.csv,KDY4,Yellow,3D,1.391536,2.6218,0.5308,True
KDY4_3E.csv,KDY4,Yellow,3E,1.375427,2.6402,0.521,True
KDY4_4A.csv,KDY4,Yellow,4A,1.323555,2.6413,0.5011,True
KDY4_4B.csv,KDY4,Yellow,4B,1.262591,2.6279,0.4805,True
KDY4_4C.csv,KDY4,Yellow,4C,1.279627,2.6254,0.4874,True
KDY4_4D.csv,KDY4,Yellow,4D,1.4382,2.6574,0.5412,True
KDY4_4E.csv,KDY4,Yellow,4E,1.443436,2.6592,0.5428,True
KDY4_5A.csv,KDY4,Yellow,5A,1.262682,2.6364,0.4789,True
KDY4_5B.csv,KDY4,Yellow,5B,1.266609,2.6197,0.4835,True
KDY4_5C.csv,KDY4,Yellow,5C,1.1831,2.6062,0.454,True
KDY4_5D.csv,KDY4,Yellow,5D,1.252809,2.6231,0.4776,True
KDY4_5E.csv,KDY4,Yellow,5E,1.350127,2.6414,0.5111,True
KDY5_1A.csv,KDY5,Yellow,1A,1.523109,2.7151,0.561,True
KDY5_1B.csv,KDY5,Yellow,1B,1.471709,2.7117,0.5427,True
KDY5_1C.csv,KDY5,Yellow,1C,1.040536,2.029,0.5128,True
KDY5_1D.csv,KDY5,Yellow,1D,1.297264,2.6708,0.4857,True
KDY5_1E.csv,KDY5,Yellow,1E,1.265855,2.6539,0.477,True
KDY5_2A.csv,KDY5,Yellow,2A,1.503009,2.6965,0.5574,True
KDY5_2B.csv,KDY5,Yellow,2B,1.4966,2.6896,0.5564,True
KDY5_2C.csv,KDY5,Yellow,2C,1.334591,2.6686,0.5001,True
KDY5_2D.csv,KDY5,Yellow,2D,1.287255,2.662,0.4836,True
KDY5_2E.csv,KDY5,Yellow,2E,1.340745,2.6744,0.5013,True
KDY5_3A.csv,KDY5,Yellow,3A,1.456836,2.6802,0.5436,True
KDY5_3B.csv,KDY5,Yellow,3B,1.453655,2.6828,0.5418,True
KDY5_3C.csv,KDY5,Yellow,3C,1.250591,2.4721,0.5059,True
KDY5_3D.csv,KDY5,Yellow,3D,1.436945,2.6749,0.5372,True
KDY5_3E.csv,KDY5,Yellow,3E,1.432045,2.6832,0.5337,True
KDY5_4A.csv,KDY5,Yellow,4A,1.318591,2.6643,0.4949,True
KDY5_4B.csv,KDY5,Yellow,4B,1.273245,2.6552,0.4795,True
KDY5_4C.csv,KDY5,Yellow,4C,1.361145,2.6646,0.5108,True
KDY5_4D.csv,KDY5,Yellow,4D,1.472791,2.6576,0.5542,True
KDY5_4E.csv,KDY5,Yellow,4E,1.465809,2.6679,0.5494,True
KDY5_5A.csv,KDY5,Yellow,5A,1.300973,2.6471,0.4915,True
KDY5_5B.csv,KDY5,Yellow,5B,1.247118,2.6364,0.473,True
KDY5_5C.csv,KDY5,Yellow,5C,1.254527,2.6245,0.478,True
KDY5_5D.csv,KDY5,Yellow,5D,1.362145,2.6446,0.5151,True
KDY5_5E.csv,KDY5,Yellow,5E,1.415909,2.6573,0.5328,True
KDY6_1A.csv,KDY6,Yellow,1A,1.5011,2.7102,0.5539,True
KDY6_1B.csv,KDY6,Yellow,1B,1.471564,2.7065,0.5437,True
KDY6_1C.csv,KDY6,Yellow,1C,1.277327,2.4496,0.5214,True
KDY6_1D.csv,KDY6,Yellow,1D,1.299239,2.6793,0.4849,True
KDY6_1E.csv,KDY6,Yellow,1E,1.280091,2.6644,0.4804,True
KDY6_2A.csv,KDY6,Yellow,2A,1.478964,2.6944,0.5489,True
KDY6_2B.csv,KDY6,Yellow,2B,1.474418,2.6871,0.5487,True
KDY6_2C.csv,KDY6,Yellow,2C,1.354691,2.6326,0.5146,True
KDY6_2D.csv,KDY6,Yellow,2D,1.2758,2.652,0.4811,True
KDY6_2E.csv,KDY6,Yellow,2E,1.264327,2.5858,0.489,True
KDY6_3A.csv,KDY6,Yellow,3A,1.396318,2.6144,0.5341,True
KDY6_3B.csv,KDY6,Yellow,3B,1.399245,2.6111,0.5359,True
KDY6_3C.csv,KDY6,Yellow,3C,1.221964,2.4262,0.5037,True
KDY6_3D.csv,KDY6,Yellow,3D,1.408209,2.6009,0.5414,True
KDY6_3E.csv,KDY6,Yellow,3E,1.379582,2.6243,0.5257,True
KDY6_4A.csv,KDY6,Yellow,4A,1.332555,2.6087,0.5108,True
KDY6_4B.csv,KDY6,Yellow,4B,1.252555,2.583,0.4849,True
KDY6_4C.csv,KDY6,Yellow,4C,1.258264,2.5885,0.4861,True
KDY6_4D.csv,KDY6,Yellow,4D,1.397409,2.5893,0.5397,True
KDY6_4E.csv,KDY6,Yellow,4E,1.402755,2.5998,0.5396,True
KDY6_5A.csv,KDY6,Yellow,5A,1.328818,2.591,0.5129,True
KDY6_5B.csv,KDY6,Yellow,5B,1.3001,2.6676,0.4874,True
KDY6_5C.csv,KDY6,Yellow,5C,1.277973,2.6666,0.4793,True
KDY6_5D.csv,KDY6,Yellow,5D,1.339682,2.671,0.5016,True
KDY6_5E.csv,KDY6,Yellow,5E,1.414418,2.6779,0.5282,True
KDY7_1A.csv,KDY7,Yellow,1A,1.500691,2.723,0.5511,True
KDY7_1B.csv,KDY7,Yellow,1B,1.4656,2.7165,0.5395,True
KDY7_1C.csv,KDY7,Yellow,1C,1.145855,2.264,0.5061,True
KDY7_1D.csv,KDY7,Yellow,1D,1.291285,2.6902,0.48,True
KDY7_1E.csv,KDY7,Yellow,1E,1.292,2.6782,0.4824,True
KDY7_2A.csv,KDY7,Yellow,2A,1.475409,2.7026,0.5459,True
KDY7_2B.csv,KDY7,Yellow,2B,1.4793,2.7055,0.5468,True
KDY7_2C.csv,KDY7,Yellow,2C,1.322091,2.629,0.5029,True
KDY7_2D.csv,KDY7,Yellow,2D,1.284745,2.6627,0.4825,True
KDY7_2E.csv,KDY7,Yellow,2E,1.315127,2.6693,0.4927,True
KDY7_3A.csv,KDY7,Yellow,3A,1.446073,2.6954,0.5365,True
KDY7_3B.csv,KDY7,Yellow,3B,1.442645,2.7002,0.5343,True
KDY7_3C.csv,KDY7,Yellow,3C,1.338282,2.5085,0.5335,True
KDY7_3D.csv,KDY7,Yellow,3D,1.410827,2.6923,0.524,True
KDY7_3E.csv,KDY7,Yellow,3E,1.372791,2.6772,0.5128,True
KDY7_4A.csv,KDY7,Yellow,4A,1.331464,2.6797,0.4969,True
KDY7_4B.csv,KDY7,Yellow,4B,1.299891,2.6781,0.4854,True
KDY7_4C.csv,KDY7,Yellow,4C,1.348245,2.6939,0.5005,True
KDY7_4D.csv,KDY7,Yellow,4D,1.469209,2.688,0.5466,True
KDY7_4E.csv,KDY7,Yellow,4E,1.466836,2.6887,0.5456,True
KDY7_5A.csv,KDY7,Yellow,5A,1.294455,2.6623,0.4862,True
KDY7_5B.csv,KDY7,Yellow,5B,1.2932,2.6664,0.485,True
KDY7_5C.csv,KDY7,Yellow,5C,1.260327,2.653,0.4751,True
KDY7_5D.csv,KDY7,Yellow,5D,1.3286,2.6682,0.4979,True
KDY7_5E.csv,KDY7,Yellow,5E,1.3933,2.6783,0.5202,True
KDY8_1A.csv,KDY8,Yellow,1A,1.479582,2.7107,0.5458,True
KDY8_1B.csv,KDY8,Yellow,1B,1.426027,2.6986,0.5284,True
KDY8_1C.csv,KDY8,Yellow,1C,1.195427,2.3744,0.5035,True
KDY8_1D.csv,KDY8,Yellow,1D,1.284073,2.6674,0.4814,True
KDY8_1E.csv,KDY8,Yellow,1E,1.2894,2.6788,0.4813,True
KDY8_2A.csv,KDY8,Yellow,2A,1.467973,2.7011,0.5435,True
KDY8_2B.csv,KDY8,Yellow,2B,1.479464,2.6843,0.5512,True
KDY8_2C.csv,KDY8,Yellow,2C,1.362918,2.6281,0.5186,True
KDY8_2D.csv,KDY8,Yellow,2D,1.260709,2.6403,0.4775,True
KDY8_2E.csv,KDY8,Yellow,2E,1.278155,2.6528,0.4818,True
KDY8_3A.csv,KDY8,Yellow,3A,1.4167,2.6701,0.5306,True
KDY8_3B.csv,KDY8,Yellow,3B,1.372591,2.6147,0.525,True
KDY8_3C.csv,KDY8,Yellow,3C,1.401855,2.6889,0.5213,True
KDY8_3D.csv,KDY8,Yellow,3D,1.381727,2.6226,0.5269,True
KDY8_3E.csv,KDY8,Yellow,3E,1.389155,2.6692,0.5204,True
KDY8_4A.csv,KDY8,Yellow,4A,1.342191,2.655,0.5055,True
KDY8_4B.csv,KDY8,Yellow,4B,1.275209,2.611,0.4884,True
KDY8_4C.csv,KDY8,Yellow,4C,1.184382,2.5029,0.4732,True
KDY8_4D.csv,KDY8,Yellow,4D,1.350873,2.5649,0.5267,True
KDY8_4E.csv,KDY8,Yellow,4E,1.398955,2.6117,0.5356,True
KDY8_5A.csv,KDY8,Yellow,5A,1.322409,2.6268,0.5034,True
KDY8_5B.csv,KDY8,Yellow,5B,1.2642,2.6268,0.4813,True
KDY8_5C.csv,KDY8,Yellow,5C,1.234945,2.6224,0.4709,True
KDY8_5D.csv,KDY8,Yellow,5D,1.311182,2.645,0.4957,True
KDY8_5E.csv,KDY8,Yellow,5E,1.371336,2.6584,0.5159,True
KDY9_1A.csv,KDY9,Yellow,1A,1.4959,2.7289,0.5482,True
KDY9_1B.csv,KDY9,Yellow,1B,1.443309,2.7121,0.5322,True
KDY9_1C.csv,KDY9,Yellow,1C,1.350382,2.7026,0.4997,True
KDY9_1D.csv,KDY9,Yellow,1D,1.291936,2.689,0.4805,True
KDY9_1E.csv,KDY9,Yellow,1E,1.300027,2.6958,0.4822,True
KDY9_2A.csv,KDY9,Yellow,2A,1.470091,2.691,0.5463,True
KDY9_2B.csv,KDY9,Yellow,2B,1.465155,2.7017,0.5423,True
KDY9_2C.csv,KDY9,Yellow,2C,1.287,2.6288,0.4896,True
KDY9_2D.csv,KDY9,Yellow,2D,1.297245,2.6656,0.4867,True
KDY9_2E.csv,KDY9,Yellow,2E,1.369618,2.691,0.509,True
KDY9_3A.csv,KDY9,Yellow,3A,1.458445,2.702,0.5398,True
KDY9_3B.csv,KDY9,Yellow,3B,1.445991,2.6906,0.5374,True
KDY9_3C.csv,KDY9,Yellow,3C,1.335955,2.5295,0.5281,True
KDY9_3D.csv,KDY9,Yellow,3D,1.435618,2.6748,0.5367,True
KDY9_3E.csv,KDY9,Yellow,3E,1.444745,2.7111,0.5329,True
KDY9_4A.csv,KDY9,Yellow,4A,1.386864,2.7013,0.5134,True
KDY9_4B.csv,KDY9,Yellow,4B,1.342191,2.6894,0.4991,True
KDY9_4C.csv,KDY9,Yellow,4C,1.293809,2.6837,0.4821,True
KDY9_4D.csv,KDY9,Yellow,4D,1.451355,2.7021,0.5371,True
KDY9_4E.csv,KDY9,Yellow,4E,1.479691,2.7023,0.5476,True
KDY9_5A.csv,KDY9,Yellow,5A,1.394082,2.692,0.5179,True
KDY9_5B.csv,KDY9,Yellow,5B,1.318764,2.6735,0.4933,True
KDY9_5C.csv,KDY9,Yellow,5C,1.275109,2.6705,0.4775,True
KDY9_5D.csv,KDY9,Yellow,5D,1.313145,2.6804,0.4899,True
KDY9_5E.csv,KDY9,Yellow,5E,1.385755,2.6934,0.5145,True
QC_1.csv,QC,Unknown,,1.479036,2.7394,0.5399,True
QC_1_001.csv,QC,Unknown,,1.477355,2.7428,0.5386,True
QC_1_002.csv,QC,Unknown,,1.498236,2.7361,0.5476,True
QC_1_003.csv,QC,Unknown,,1.521236,2.7468,0.5538,True
QC_1_004.csv,QC,Unknown,,1.493809,2.6964,0.554,True
QC_1_005.csv,QC,Unknown,,1.452682,2.696,0.5388,True
QC_2.csv,QC,Unknown,,1.477018,2.7374,0.5396,True
QC_2_001.csv,QC,Unknown,,1.477336,2.7375,0.5397,True
QC_2_002.csv,QC,Unknown,,1.495118,2.7446,0.5447,True
QC_2_003.csv,QC,Unknown,,1.523927,2.7457,0.555,True
QC_2_004.csv,QC,Unknown,,1.489536,2.6879,0.5542,True
QC_2_005.csv,QC,Unknown,,1.454291,2.697,0.5392,True
QC_3.csv,QC,Unknown,,1.478827,2.7365,0.5404,True
QC_3_001.csv,QC,Unknown,,1.477045,2.7406,0.5389,True
QC_3_002.csv,QC,Unknown,,1.498818,2.7476,0.5455,True
QC_3_003.csv,QC,Unknown,,1.523918,2.7466,0.5548,True
QC_3_004.csv,QC,Unknown,,1.479191,2.6714,0.5537,True
QC_3_005.csv,QC,Unknown,,1.455391,2.7037,0.5383,True
