Created as New Dataset,Sample 002 By Administrator Date Thursday, September 04 2025
cm-1,A
4000.00,0.0019
3999.00,0.0020
3998.00,0.0020
3997.00,0.0020
3996.00,0.0020
3995.00,0.0020
3994.00,0.0020
3993.00,0.0020
3992.00,0.0019
3991.00,0.0019
3990.00,0.0018
3989.00,0.0018
3988.00,0.0018
3987.00,0.0019
3986.00,0.0019
3985.00,0.0019
3984.00,0.0018
3983.00,0.0018
3982.00,0.0018
3981.00,0.0018
3980.00,0.0018
3979.00,0.0018
3978.00,0.0018
3977.00,0.0018
3976.00,0.0018
3975.00,0.0018
3974.00,0.0018
3973.00,0.0018
3972.00,0.0018
3971.00,0.0018
3970.00,0.0018
3969.00,0.0018
3968.00,0.0018
3967.00,0.0018
3966.00,0.0018
3965.00,0.0018
3964.00,0.0018
3963.00,0.0018
3962.00,0.0018
3961.00,0.0017
3960.00,0.0017
3959.00,0.0017
3958.00,0.0017
3957.00,0.0017
3956.00,0.0017
3955.00,0.0017
3954.00,0.0017
3953.00,0.0017
3952.00,0.0016
3951.00,0.0016
3950.00,0.0017
3949.00,0.0017
3948.00,0.0017
3947.00,0.0017
3946.00,0.0017
3945.00,0.0017
3944.00,0.0017
3943.00,0.0017
3942.00,0.0018
3941.00,0.0018
3940.00,0.0018
3939.00,0.0018
3938.00,0.0018
3937.00,0.0018
3936.00,0.0017
3935.00,0.0017
3934.00,0.0017
3933.00,0.0018
3932.00,0.0018
3931.00,0.0018
3930.00,0.0018
3929.00,0.0018
3928.00,0.0018
3927.00,0.0018
3926.00,0.0018
3925.00,0.0018
3924.00,0.0018
3923.00,0.0018
3922.00,0.0018
3921.00,0.0017
3920.00,0.0017
3919.00,0.0017
3918.00,0.0017
3917.00,0.0017
3916.00,0.0017
3915.00,0.0017
3914.00,0.0017
3913.00,0.0017
3912.00,0.0017
3911.00,0.0017
3910.00,0.0017
3909.00,0.0018
3908.00,0.0018
3907.00,0.0018
3906.00,0.0018
3905.00,0.0017
3904.00,0.0017
3903.00,0.0017
3902.00,0.0018
3901.00,0.0018
3900.00,0.0018
3899.00,0.0018
3898.00,0.0018
3897.00,0.0018
3896.00,0.0018
3895.00,0.0018
3894.00,0.0018
3893.00,0.0018
3892.00,0.0018
3891.00,0.0018
3890.00,0.0017
3889.00,0.0017
3888.00,0.0017
3887.00,0.0017
3886.00,0.0017
3885.00,0.0017
3884.00,0.0016
3883.00,0.0016
3882.00,0.0016
3881.00,0.0016
3880.00,0.0016
3879.00,0.0016
3878.00,0.0016
3877.00,0.0017
3876.00,0.0017
3875.00,0.0017
3874.00,0.0017
3873.00,0.0017
3872.00,0.0017
3871.00,0.0017
3870.00,0.0016
3869.00,0.0016
3868.00,0.0015
3867.00,0.0015
3866.00,0.0015
3865.00,0.0016
3864.00,0.0016
3863.00,0.0016
3862.00,0.0016
3861.00,0.0016
3860.00,0.0016
3859.00,0.0016
3858.00,0.0016
3857.00,0.0017
3856.00,0.0017
3855.00,0.0017
3854.00,0.0017
3853.00,0.0017
3852.00,0.0016
3851.00,0.0016
3850.00,0.0016
3849.00,0.0016
3848.00,0.0016
3847.00,0.0016
3846.00,0.0016
3845.00,0.0016
3844.00,0.0016
3843.00,0.0016
3842.00,0.0016
3841.00,0.0016
3840.00,0.0016
3839.00,0.0017
3838.00,0.0017
3837.00,0.0017
3836.00,0.0017
3835.00,0.0017
3834.00,0.0016
3833.00,0.0017
3832.00,0.0017
3831.00,0.0017
3830.00,0.0017
3829.00,0.0017
3828.00,0.0017
3827.00,0.0017
3826.00,0.0016
3825.00,0.0016
3824.00,0.0016
3823.00,0.0016
3822.00,0.0016
3821.00,0.0016
3820.00,0.0016
3819.00,0.0016
3818.00,0.0016
3817.00,0.0016
3816.00,0.0017
3815.00,0.0017
3814.00,0.0017
3813.00,0.0016
3812.00,0.0016
3811.00,0.0016
3810.00,0.0016
3809.00,0.0015
3808.00,0.0015
3807.00,0.0015
3806.00,0.0015
3805.00,0.0015
3804.00,0.0016
3803.00,0.0016
3802.00,0.0015
3801.00,0.0015
3800.00,0.0015
3799.00,0.0015
3798.00,0.0016
3797.00,0.0016
3796.00,0.0016
3795.00,0.0016
3794.00,0.0016
3793.00,0.0016
3792.00,0.0016
3791.00,0.0016
3790.00,0.0016
3789.00,0.0016
3788.00,0.0016
3787.00,0.0016
3786.00,0.0015
3785.00,0.0015
3784.00,0.0015
3783.00,0.0015
3782.00,0.0015
3781.00,0.0015
3780.00,0.0015
3779.00,0.0015
3778.00,0.0015
3777.00,0.0016
3776.00,0.0016
3775.00,0.0017
3774.00,0.0017
3773.00,0.0018
3772.00,0.0018
3771.00,0.0018
3770.00,0.0018
3769.00,0.0017
3768.00,0.0017
3767.00,0.0016
3766.00,0.0016
3765.00,0.0016
3764.00,0.0016
3763.00,0.0016
3762.00,0.0016
3761.00,0.0016
3760.00,0.0016
3759.00,0.0016
3758.00,0.0016
3757.00,0.0016
3756.00,0.0016
3755.00,0.0016
3754.00,0.0015
3753.00,0.0014
3752.00,0.0014
3751.00,0.0013
3750.00,0.0013
3749.00,0.0014
3748.00,0.0014
3747.00,0.0014
3746.00,0.0014
3745.00,0.0014
3744.00,0.0014
3743.00,0.0014
3742.00,0.0014
3741.00,0.0014
3740.00,0.0014
3739.00,0.0015
3738.00,0.0015
3737.00,0.0016
3736.00,0.0016
3735.00,0.0016
3734.00,0.0015
3733.00,0.0013
3732.00,0.0012
3731.00,0.0012
3730.00,0.0012
3729.00,0.0012
3728.00,0.0012
3727.00,0.0012
3726.00,0.0012
3725.00,0.0012
3724.00,0.0012
3723.00,0.0012
3722.00,0.0013
3721.00,0.0013
3720.00,0.0013
3719.00,0.0013
3718.00,0.0013
3717.00,0.0013
3716.00,0.0013
3715.00,0.0013
3714.00,0.0013
3713.00,0.0013
3712.00,0.0013
3711.00,0.0013
3710.00,0.0013
3709.00,0.0013
3708.00,0.0013
3707.00,0.0013
3706.00,0.0013
3705.00,0.0014
3704.00,0.0014
3703.00,0.0014
3702.00,0.0014
3701.00,0.0014
3700.00,0.0013
3699.00,0.0013
3698.00,0.0013
3697.00,0.0013
3696.00,0.0013
3695.00,0.0012
3694.00,0.0012
3693.00,0.0012
3692.00,0.0011
3691.00,0.0011
3690.00,0.0012
3689.00,0.0012
3688.00,0.0013
3687.00,0.0013
3686.00,0.0013
3685.00,0.0013
3684.00,0.0013
3683.00,0.0013
3682.00,0.0013
3681.00,0.0013
3680.00,0.0013
3679.00,0.0014
3678.00,0.0014
3677.00,0.0014
3676.00,0.0013
3675.00,0.0013
3674.00,0.0012
3673.00,0.0012
3672.00,0.0012
3671.00,0.0012
3670.00,0.0012
3669.00,0.0012
3668.00,0.0012
3667.00,0.0012
3666.00,0.0012
3665.00,0.0012
3664.00,0.0012
3663.00,0.0013
3662.00,0.0013
3661.00,0.0013
3660.00,0.0013
3659.00,0.0012
3658.00,0.0012
3657.00,0.0012
3656.00,0.0012
3655.00,0.0012
3654.00,0.0012
3653.00,0.0012
3652.00,0.0012
3651.00,0.0012
3650.00,0.0012
3649.00,0.0013
3648.00,0.0013
3647.00,0.0013
3646.00,0.0013
3645.00,0.0013
3644.00,0.0013
3643.00,0.0012
3642.00,0.0012
3641.00,0.0012
3640.00,0.0012
3639.00,0.0011
3638.00,0.0011
3637.00,0.0011
3636.00,0.0011
3635.00,0.0011
3634.00,0.0011
3633.00,0.0011
3632.00,0.0011
3631.00,0.0011
3630.00,0.0011
3629.00,0.0011
3628.00,0.0011
3627.00,0.0011
3626.00,0.0011
3625.00,0.0011
3624.00,0.0011
3623.00,0.0011
3622.00,0.0011
3621.00,0.0011
3620.00,0.0011
3619.00,0.0011
3618.00,0.0011
3617.00,0.0011
3616.00,0.0012
3615.00,0.0012
3614.00,0.0011
3613.00,0.0011
3612.00,0.0011
3611.00,0.0011
3610.00,0.0011
3609.00,0.0011
3608.00,0.0011
3607.00,0.0011
3606.00,0.0012
3605.00,0.0012
3604.00,0.0012
3603.00,0.0013
3602.00,0.0013
3601.00,0.0013
3600.00,0.0014
3599.00,0.0014
3598.00,0.0014
3597.00,0.0013
3596.00,0.0013
3595.00,0.0012
3594.00,0.0012
3593.00,0.0011
3592.00,0.0011
3591.00,0.0012
3590.00,0.0012
3589.00,0.0012
3588.00,0.0012
3587.00,0.0013
3586.00,0.0013
3585.00,0.0013
3584.00,0.0013
3583.00,0.0013
3582.00,0.0013
3581.00,0.0014
3580.00,0.0014
3579.00,0.0014
3578.00,0.0014
3577.00,0.0014
3576.00,0.0015
3575.00,0.0015
3574.00,0.0014
3573.00,0.0014
3572.00,0.0014
3571.00,0.0014
3570.00,0.0014
3569.00,0.0014
3568.00,0.0013
3567.00,0.0013
3566.00,0.0014
3565.00,0.0014
3564.00,0.0014
3563.00,0.0014
3562.00,0.0014
3561.00,0.0014
3560.00,0.0014
3559.00,0.0014
3558.00,0.0014
3557.00,0.0015
3556.00,0.0015
3555.00,0.0015
3554.00,0.0015
3553.00,0.0016
3552.00,0.0016
3551.00,0.0016
3550.00,0.0016
3549.00,0.0016
3548.00,0.0016
3547.00,0.0016
3546.00,0.0016
3545.00,0.0017
3544.00,0.0017
3543.00,0.0017
3542.00,0.0018
3541.00,0.0018
3540.00,0.0018
3539.00,0.0018
3538.00,0.0018
3537.00,0.0018
3536.00,0.0018
3535.00,0.0019
3534.00,0.0019
3533.00,0.0019
3532.00,0.0019
3531.00,0.0018
3530.00,0.0018
3529.00,0.0018
3528.00,0.0019
3527.00,0.0019
3526.00,0.0019
3525.00,0.0020
3524.00,0.0020
3523.00,0.0020
3522.00,0.0019
3521.00,0.0020
3520.00,0.0020
3519.00,0.0020
3518.00,0.0020
3517.00,0.0020
3516.00,0.0020
3515.00,0.0021
3514.00,0.0021
3513.00,0.0020
3512.00,0.0020
3511.00,0.0020
3510.00,0.0020
3509.00,0.0021
3508.00,0.0021
3507.00,0.0020
3506.00,0.0020
3505.00,0.0020
3504.00,0.0021
3503.00,0.0021
3502.00,0.0021
3501.00,0.0021
3500.00,0.0022
3499.00,0.0022
3498.00,0.0022
3497.00,0.0022
3496.00,0.0022
3495.00,0.0022
3494.00,0.0022
3493.00,0.0022
3492.00,0.0022
3491.00,0.0022
3490.00,0.0022
3489.00,0.0022
3488.00,0.0022
3487.00,0.0022
3486.00,0.0022
3485.00,0.0022
3484.00,0.0023
3483.00,0.0023
3482.00,0.0023
3481.00,0.0024
3480.00,0.0024
3479.00,0.0024
3478.00,0.0024
3477.00,0.0024
3476.00,0.0024
3475.00,0.0024
3474.00,0.0024
3473.00,0.0024
3472.00,0.0024
3471.00,0.0024
3470.00,0.0024
3469.00,0.0024
3468.00,0.0024
3467.00,0.0024
3466.00,0.0024
3465.00,0.0024
3464.00,0.0024
3463.00,0.0024
3462.00,0.0024
3461.00,0.0024
3460.00,0.0025
3459.00,0.0025
3458.00,0.0025
3457.00,0.0025
3456.00,0.0026
3455.00,0.0026
3454.00,0.0026
3453.00,0.0026
3452.00,0.0027
3451.00,0.0027
3450.00,0.0027
3449.00,0.0027
3448.00,0.0027
3447.00,0.0027
3446.00,0.0027
3445.00,0.0027
3444.00,0.0028
3443.00,0.0028
3442.00,0.0028
3441.00,0.0028
3440.00,0.0027
3439.00,0.0027
3438.00,0.0028
3437.00,0.0028
3436.00,0.0028
3435.00,0.0029
3434.00,0.0029
3433.00,0.0029
3432.00,0.0028
3431.00,0.0028
3430.00,0.0028
3429.00,0.0028
3428.00,0.0028
3427.00,0.0028
3426.00,0.0028
3425.00,0.0028
3424.00,0.0028
3423.00,0.0029
3422.00,0.0029
3421.00,0.0030
3420.00,0.0030
3419.00,0.0030
3418.00,0.0030
3417.00,0.0030
3416.00,0.0030
3415.00,0.0031
3414.00,0.0031
3413.00,0.0031
3412.00,0.0031
3411.00,0.0031
3410.00,0.0032
3409.00,0.0032
3408.00,0.0031
3407.00,0.0031
3406.00,0.0031
3405.00,0.0031
3404.00,0.0031
3403.00,0.0031
3402.00,0.0031
3401.00,0.0031
3400.00,0.0031
3399.00,0.0030
3398.00,0.0030
3397.00,0.0030
3396.00,0.0030
3395.00,0.0031
3394.00,0.0031
3393.00,0.0032
3392.00,0.0032
3391.00,0.0031
3390.00,0.0031
3389.00,0.0031
3388.00,0.0031
3387.00,0.0031
3386.00,0.0031
3385.00,0.0031
3384.00,0.0031
3383.00,0.0031
3382.00,0.0032
3381.00,0.0032
3380.00,0.0032
3379.00,0.0032
3378.00,0.0032
3377.00,0.0032
3376.00,0.0032
3375.00,0.0032
3374.00,0.0032
3373.00,0.0033
3372.00,0.0033
3371.00,0.0033
3370.00,0.0033
3369.00,0.0033
3368.00,0.0033
3367.00,0.0033
3366.00,0.0033
3365.00,0.0033
3364.00,0.0033
3363.00,0.0033
3362.00,0.0033
3361.00,0.0033
3360.00,0.0033
3359.00,0.0033
3358.00,0.0033
3357.00,0.0033
3356.00,0.0034
3355.00,0.0034
3354.00,0.0034
3353.00,0.0034
3352.00,0.0034
3351.00,0.0034
3350.00,0.0034
3349.00,0.0034
3348.00,0.0034
3347.00,0.0034
3346.00,0.0034
3345.00,0.0033
3344.00,0.0033
3343.00,0.0033
3342.00,0.0033
3341.00,0.0033
3340.00,0.0033
3339.00,0.0033
3338.00,0.0033
3337.00,0.0033
3336.00,0.0033
3335.00,0.0033
3334.00,0.0033
3333.00,0.0033
3332.00,0.0032
3331.00,0.0032
3330.00,0.0032
3329.00,0.0032
3328.00,0.0032
3327.00,0.0032
3326.00,0.0032
3325.00,0.0032
3324.00,0.0032
3323.00,0.0031
3322.00,0.0031
3321.00,0.0031
3320.00,0.0031
3319.00,0.0031
3318.00,0.0032
3317.00,0.0032
3316.00,0.0032
3315.00,0.0032
3314.00,0.0032
3313.00,0.0032
3312.00,0.0032
3311.00,0.0032
3310.00,0.0032
3309.00,0.0033
3308.00,0.0033
3307.00,0.0033
3306.00,0.0033
3305.00,0.0033
3304.00,0.0033
3303.00,0.0033
3302.00,0.0033
3301.00,0.0034
3300.00,0.0034
3299.00,0.0033
3298.00,0.0033
3297.00,0.0033
3296.00,0.0033
3295.00,0.0033
3294.00,0.0032
3293.00,0.0032
3292.00,0.0032
3291.00,0.0032
3290.00,0.0031
3289.00,0.0031
3288.00,0.0031
3287.00,0.0031
3286.00,0.0031
3285.00,0.0031
3284.00,0.0031
3283.00,0.0030
3282.00,0.0030
3281.00,0.0030
3280.00,0.0031
3279.00,0.0031
3278.00,0.0031
3277.00,0.0031
3276.00,0.0031
3275.00,0.0031
3274.00,0.0031
3273.00,0.0030
3272.00,0.0029
3271.00,0.0029
3270.00,0.0029
3269.00,0.0029
3268.00,0.0029
3267.00,0.0029
3266.00,0.0029
3265.00,0.0029
3264.00,0.0029
3263.00,0.0029
3262.00,0.0029
3261.00,0.0028
3260.00,0.0028
3259.00,0.0028
3258.00,0.0028
3257.00,0.0028
3256.00,0.0029
3255.00,0.0029
3254.00,0.0029
3253.00,0.0029
3252.00,0.0029
3251.00,0.0028
3250.00,0.0028
3249.00,0.0028
3248.00,0.0028
3247.00,0.0028
3246.00,0.0028
3245.00,0.0028
3244.00,0.0028
3243.00,0.0027
3242.00,0.0027
3241.00,0.0028
3240.00,0.0028
3239.00,0.0028
3238.00,0.0028
3237.00,0.0028
3236.00,0.0028
3235.00,0.0028
3234.00,0.0028
3233.00,0.0029
3232.00,0.0029
3231.00,0.0029
3230.00,0.0030
3229.00,0.0030
3228.00,0.0030
3227.00,0.0030
3226.00,0.0030
3225.00,0.0030
3224.00,0.0030
3223.00,0.0030
3222.00,0.0030
3221.00,0.0031
3220.00,0.0031
3219.00,0.0031
3218.00,0.0031
3217.00,0.0032
3216.00,0.0032
3215.00,0.0032
3214.00,0.0032
3213.00,0.0032
3212.00,0.0032
3211.00,0.0032
3210.00,0.0033
3209.00,0.0033
3208.00,0.0033
3207.00,0.0033
3206.00,0.0033
3205.00,0.0033
3204.00,0.0034
3203.00,0.0034
3202.00,0.0034
3201.00,0.0034
3200.00,0.0034
3199.00,0.0033
3198.00,0.0033
3197.00,0.0034
3196.00,0.0034
3195.00,0.0034
3194.00,0.0034
3193.00,0.0034
3192.00,0.0034
3191.00,0.0034
3190.00,0.0035
3189.00,0.0035
3188.00,0.0034
3187.00,0.0034
3186.00,0.0034
3185.00,0.0034
3184.00,0.0034
3183.00,0.0034
3182.00,0.0033
3181.00,0.0033
3180.00,0.0033
3179.00,0.0032
3178.00,0.0032
3177.00,0.0032
3176.00,0.0032
3175.00,0.0032
3174.00,0.0032
3173.00,0.0032
3172.00,0.0032
3171.00,0.0032
3170.00,0.0032
3169.00,0.0032
3168.00,0.0032
3167.00,0.0032
3166.00,0.0032
3165.00,0.0032
3164.00,0.0032
3163.00,0.0031
3162.00,0.0031
3161.00,0.0032
3160.00,0.0032
3159.00,0.0032
3158.00,0.0032
3157.00,0.0032
3156.00,0.0032
3155.00,0.0033
3154.00,0.0033
3153.00,0.0032
3152.00,0.0032
3151.00,0.0032
3150.00,0.0032
3149.00,0.0032
3148.00,0.0032
3147.00,0.0032
3146.00,0.0032
3145.00,0.0032
3144.00,0.0032
3143.00,0.0032
3142.00,0.0031
3141.00,0.0031
3140.00,0.0031
3139.00,0.0031
3138.00,0.0031
3137.00,0.0030
3136.00,0.0030
3135.00,0.0030
3134.00,0.0030
3133.00,0.0030
3132.00,0.0030
3131.00,0.0031
3130.00,0.0030
3129.00,0.0030
3128.00,0.0030
3127.00,0.0030
3126.00,0.0029
3125.00,0.0029
3124.00,0.0028
3123.00,0.0028
3122.00,0.0028
3121.00,0.0027
3120.00,0.0027
3119.00,0.0027
3118.00,0.0027
3117.00,0.0027
3116.00,0.0027
3115.00,0.0027
3114.00,0.0027
3113.00,0.0027
3112.00,0.0027
3111.00,0.0027
3110.00,0.0027
3109.00,0.0027
3108.00,0.0027
3107.00,0.0026
3106.00,0.0026
3105.00,0.0026
3104.00,0.0026
3103.00,0.0026
3102.00,0.0027
3101.00,0.0027
3100.00,0.0027
3099.00,0.0027
3098.00,0.0027
3097.00,0.0027
3096.00,0.0026
3095.00,0.0026
3094.00,0.0026
3093.00,0.0026
3092.00,0.0026
3091.00,0.0027
3090.00,0.0027
3089.00,0.0027
3088.00,0.0027
3087.00,0.0027
3086.00,0.0027
3085.00,0.0027
3084.00,0.0028
3083.00,0.0028
3082.00,0.0028
3081.00,0.0028
3080.00,0.0029
3079.00,0.0028
3078.00,0.0028
3077.00,0.0027
3076.00,0.0027
3075.00,0.0027
3074.00,0.0027
3073.00,0.0028
3072.00,0.0028
3071.00,0.0028
3070.00,0.0028
3069.00,0.0028
3068.00,0.0029
3067.00,0.0029
3066.00,0.0029
3065.00,0.0029
3064.00,0.0029
3063.00,0.0029
3062.00,0.0029
3061.00,0.0029
3060.00,0.0029
3059.00,0.0030
3058.00,0.0029
3057.00,0.0029
3056.00,0.0029
3055.00,0.0029
3054.00,0.0030
3053.00,0.0030
3052.00,0.0031
3051.00,0.0031
3050.00,0.0031
3049.00,0.0031
3048.00,0.0031
3047.00,0.0031
3046.00,0.0031
3045.00,0.0032
3044.00,0.0032
3043.00,0.0033
3042.00,0.0033
3041.00,0.0033
3040.00,0.0034
3039.00,0.0034
3038.00,0.0035
3037.00,0.0035
3036.00,0.0036
3035.00,0.0036
3034.00,0.0036
3033.00,0.0036
3032.00,0.0036
3031.00,0.0037
3030.00,0.0037
3029.00,0.0037
3028.00,0.0038
3027.00,0.0038
3026.00,0.0039
3025.00,0.0040
3024.00,0.0041
3023.00,0.0042
3022.00,0.0043
3021.00,0.0044
3020.00,0.0045
3019.00,0.0046
3018.00,0.0046
3017.00,0.0047
3016.00,0.0048
3015.00,0.0050
3014.00,0.0051
3013.00,0.0052
3012.00,0.0053
3011.00,0.0054
3010.00,0.0055
3009.00,0.0057
3008.00,0.0058
3007.00,0.0060
3006.00,0.0061
3005.00,0.0063
3004.00,0.0065
3003.00,0.0068
3002.00,0.0070
3001.00,0.0073
3000.00,0.0076
2999.00,0.0079
2998.00,0.0082
2997.00,0.0086
2996.00,0.0090
2995.00,0.0094
2994.00,0.0098
2993.00,0.0103
2992.00,0.0109
2991.00,0.0114
2990.00,0.0120
2989.00,0.0127
2988.00,0.0135
2987.00,0.0144
2986.00,0.0155
2985.00,0.0166
2984.00,0.0179
2983.00,0.0193
2982.00,0.0210
2981.00,0.0228
2980.00,0.0248
2979.00,0.0271
2978.00,0.0297
2977.00,0.0328
2976.00,0.0363
2975.00,0.0403
2974.00,0.0450
2973.00,0.0503
2972.00,0.0564
2971.00,0.0634
2970.00,0.0711
2969.00,0.0798
2968.00,0.0893
2967.00,0.0996
2966.00,0.1106
2965.00,0.1221
2964.00,0.1338
2963.00,0.1450
2962.00,0.1551
2961.00,0.1634
2960.00,0.1696
2959.00,0.1738
2958.00,0.1764
2957.00,0.1782
2956.00,0.1801
2955.00,0.1828
2954.00,0.1862
2953.00,0.1901
2952.00,0.1934
2951.00,0.1949
2950.00,0.1935
2949.00,0.1887
2948.00,0.1805
2947.00,0.1695
2946.00,0.1570
2945.00,0.1441
2944.00,0.1322
2943.00,0.1221
2942.00,0.1142
2941.00,0.1087
2940.00,0.1055
2939.00,0.1045
2938.00,0.1053
2937.00,0.1080
2936.00,0.1121
2935.00,0.1176
2934.00,0.1245
2933.00,0.1324
2932.00,0.1415
2931.00,0.1513
2930.00,0.1617
2929.00,0.1724
2928.00,0.1831
2927.00,0.1934
2926.00,0.2034
2925.00,0.2129
2924.00,0.2220
2923.00,0.2309
2922.00,0.2396
2921.00,0.2477
2920.00,0.2547
2919.00,0.2598
2918.00,0.2620
2917.00,0.2608
2916.00,0.2562
2915.00,0.2489
2914.00,0.2400
2913.00,0.2307
2912.00,0.2219
2911.00,0.2140
2910.00,0.2073
2909.00,0.2015
2908.00,0.1962
2907.00,0.1910
2906.00,0.1857
2905.00,0.1800
2904.00,0.1738
2903.00,0.1673
2902.00,0.1606
2901.00,0.1539
2900.00,0.1474
2899.00,0.1411
2898.00,0.1352
2897.00,0.1298
2896.00,0.1248
2895.00,0.1205
2894.00,0.1168
2893.00,0.1138
2892.00,0.1113
2891.00,0.1094
2890.00,0.1080
2889.00,0.1071
2888.00,0.1064
2887.00,0.1061
2886.00,0.1061
2885.00,0.1065
2884.00,0.1071
2883.00,0.1081
2882.00,0.1094
2881.00,0.1108
2880.00,0.1121
2879.00,0.1130
2878.00,0.1133
2877.00,0.1130
2876.00,0.1123
2875.00,0.1115
2874.00,0.1111
2873.00,0.1112
2872.00,0.1122
2871.00,0.1137
2870.00,0.1157
2869.00,0.1175
2868.00,0.1185
2867.00,0.1181
2866.00,0.1157
2865.00,0.1112
2864.00,0.1050
2863.00,0.0981
2862.00,0.0912
2861.00,0.0853
2860.00,0.0808
2859.00,0.0777
2858.00,0.0760
2857.00,0.0755
2856.00,0.0760
2855.00,0.0772
2854.00,0.0789
2853.00,0.0809
2852.00,0.0832
2851.00,0.0852
2850.00,0.0871
2849.00,0.0886
2848.00,0.0901
2847.00,0.0921
2846.00,0.0949
2845.00,0.0989
2844.00,0.1040
2843.00,0.1097
2842.00,0.1157
2841.00,0.1210
2840.00,0.1248
2839.00,0.1264
2838.00,0.1251
2837.00,0.1207
2836.00,0.1134
2835.00,0.1038
2834.00,0.0930
2833.00,0.0821
2832.00,0.0720
2831.00,0.0630
2830.00,0.0554
2829.00,0.0492
2828.00,0.0442
2827.00,0.0402
2826.00,0.0369
2825.00,0.0341
2824.00,0.0318
2823.00,0.0298
2822.00,0.0280
2821.00,0.0265
2820.00,0.0252
2819.00,0.0240
2818.00,0.0230
2817.00,0.0221
2816.00,0.0213
2815.00,0.0206
2814.00,0.0200
2813.00,0.0194
2812.00,0.0189
2811.00,0.0184
2810.00,0.0178
2809.00,0.0173
2808.00,0.0167
2807.00,0.0161
2806.00,0.0155
2805.00,0.0149
2804.00,0.0143
2803.00,0.0138
2802.00,0.0132
2801.00,0.0128
2800.00,0.0124
2799.00,0.0121
2798.00,0.0118
2797.00,0.0115
2796.00,0.0113
2795.00,0.0111
2794.00,0.0108
2793.00,0.0105
2792.00,0.0102
2791.00,0.0099
2790.00,0.0096
2789.00,0.0092
2788.00,0.0089
2787.00,0.0085
2786.00,0.0082
2785.00,0.0079
2784.00,0.0076
2783.00,0.0074
2782.00,0.0072
2781.00,0.0070
2780.00,0.0069
2779.00,0.0067
2778.00,0.0065
2777.00,0.0063
2776.00,0.0062
2775.00,0.0061
2774.00,0.0060
2773.00,0.0060
2772.00,0.0059
2771.00,0.0058
2770.00,0.0058
2769.00,0.0058
2768.00,0.0057
2767.00,0.0057
2766.00,0.0057
2765.00,0.0057
2764.00,0.0056
2763.00,0.0056
2762.00,0.0056
2761.00,0.0056
2760.00,0.0055
2759.00,0.0054
2758.00,0.0054
2757.00,0.0054
2756.00,0.0054
2755.00,0.0054
2754.00,0.0054
2753.00,0.0054
2752.00,0.0054
2751.00,0.0054
2750.00,0.0054
2749.00,0.0054
2748.00,0.0054
2747.00,0.0054
2746.00,0.0054
2745.00,0.0055
2744.00,0.0056
2743.00,0.0056
2742.00,0.0057
2741.00,0.0059
2740.00,0.0060
2739.00,0.0061
2738.00,0.0062
2737.00,0.0063
2736.00,0.0064
2735.00,0.0065
2734.00,0.0066
2733.00,0.0068
2732.00,0.0070
2731.00,0.0072
2730.00,0.0074
2729.00,0.0076
2728.00,0.0079
2727.00,0.0081
2726.00,0.0083
2725.00,0.0085
2724.00,0.0087
2723.00,0.0088
2722.00,0.0087
2721.00,0.0086
2720.00,0.0083
2719.00,0.0080
2718.00,0.0077
2717.00,0.0074
2716.00,0.0071
2715.00,0.0069
2714.00,0.0066
2713.00,0.0064
2712.00,0.0062
2711.00,0.0061
2710.00,0.0059
2709.00,0.0058
2708.00,0.0056
2707.00,0.0055
2706.00,0.0054
2705.00,0.0053
2704.00,0.0052
2703.00,0.0051
2702.00,0.0050
2701.00,0.0049
2700.00,0.0049
2699.00,0.0048
2698.00,0.0048
2697.00,0.0048
2696.00,0.0048
2695.00,0.0048
2694.00,0.0048
2693.00,0.0048
2692.00,0.0048
2691.00,0.0048
2690.00,0.0048
2689.00,0.0049
2688.00,0.0049
2687.00,0.0048
2686.00,0.0048
2685.00,0.0048
2684.00,0.0048
2683.00,0.0048
2682.00,0.0048
2681.00,0.0048
2680.00,0.0049
2679.00,0.0049
2678.00,0.0049
2677.00,0.0049
2676.00,0.0048
2675.00,0.0048
2674.00,0.0048
2673.00,0.0048
2672.00,0.0047
2671.00,0.0047
2670.00,0.0047
2669.00,0.0047
2668.00,0.0047
2667.00,0.0047
2666.00,0.0047
2665.00,0.0048
2664.00,0.0048
2663.00,0.0049
2662.00,0.0050
2661.00,0.0050
2660.00,0.0051
2659.00,0.0051
2658.00,0.0051
2657.00,0.0050
2656.00,0.0050
2655.00,0.0049
2654.00,0.0048
2653.00,0.0048
2652.00,0.0048
2651.00,0.0047
2650.00,0.0047
2649.00,0.0047
2648.00,0.0047
2647.00,0.0046
2646.00,0.0046
2645.00,0.0045
2644.00,0.0045
2643.00,0.0044
2642.00,0.0043
2641.00,0.0043
2640.00,0.0042
2639.00,0.0042
2638.00,0.0042
2637.00,0.0041
2636.00,0.0041
2635.00,0.0041
2634.00,0.0041
2633.00,0.0041
2632.00,0.0041
2631.00,0.0041
2630.00,0.0042
2629.00,0.0042
2628.00,0.0042
2627.00,0.0043
2626.00,0.0043
2625.00,0.0044
2624.00,0.0044
2623.00,0.0044
2622.00,0.0044
2621.00,0.0043
2620.00,0.0043
2619.00,0.0043
2618.00,0.0044
2617.00,0.0044
2616.00,0.0044
2615.00,0.0044
2614.00,0.0043
2613.00,0.0043
2612.00,0.0042
2611.00,0.0042
2610.00,0.0041
2609.00,0.0040
2608.00,0.0039
2607.00,0.0038
2606.00,0.0037
2605.00,0.0036
2604.00,0.0036
2603.00,0.0035
2602.00,0.0035
2601.00,0.0034
2600.00,0.0033
2599.00,0.0033
2598.00,0.0033
2597.00,0.0032
2596.00,0.0033
2595.00,0.0033
2594.00,0.0034
2593.00,0.0034
2592.00,0.0035
2591.00,0.0035
2590.00,0.0035
2589.00,0.0036
2588.00,0.0037
2587.00,0.0038
2586.00,0.0039
2585.00,0.0040
2584.00,0.0040
2583.00,0.0040
2582.00,0.0040
2581.00,0.0040
2580.00,0.0039
2579.00,0.0038
2578.00,0.0037
2577.00,0.0036
2576.00,0.0035
2575.00,0.0034
2574.00,0.0034
2573.00,0.0033
2572.00,0.0033
2571.00,0.0032
2570.00,0.0030
2569.00,0.0029
2568.00,0.0029
2567.00,0.0029
2566.00,0.0028
2565.00,0.0027
2564.00,0.0027
2563.00,0.0026
2562.00,0.0026
2561.00,0.0026
2560.00,0.0026
2559.00,0.0025
2558.00,0.0024
2557.00,0.0024
2556.00,0.0024
2555.00,0.0024
2554.00,0.0024
2553.00,0.0024
2552.00,0.0023
2551.00,0.0023
2550.00,0.0023
2549.00,0.0022
2548.00,0.0021
2547.00,0.0021
2546.00,0.0020
2545.00,0.0020
2544.00,0.0020
2543.00,0.0020
2542.00,0.0020
2541.00,0.0020
2540.00,0.0020
2539.00,0.0020
2538.00,0.0019
2537.00,0.0019
2536.00,0.0019
2535.00,0.0019
2534.00,0.0018
2533.00,0.0018
2532.00,0.0017
2531.00,0.0017
2530.00,0.0017
2529.00,0.0016
2528.00,0.0016
2527.00,0.0016
2526.00,0.0015
2525.00,0.0015
2524.00,0.0015
2523.00,0.0015
2522.00,0.0015
2521.00,0.0015
2520.00,0.0015
2519.00,0.0015
2518.00,0.0015
2517.00,0.0014
2516.00,0.0014
2515.00,0.0013
2514.00,0.0013
2513.00,0.0012
2512.00,0.0013
2511.00,0.0013
2510.00,0.0014
2509.00,0.0014
2508.00,0.0014
2507.00,0.0014
2506.00,0.0013
2505.00,0.0012
2504.00,0.0012
2503.00,0.0011
2502.00,0.0012
2501.00,0.0012
2500.00,0.0012
2499.00,0.0012
2498.00,0.0012
2497.00,0.0012
2496.00,0.0012
2495.00,0.0012
2494.00,0.0012
2493.00,0.0013
2492.00,0.0013
2491.00,0.0013
2490.00,0.0013
2489.00,0.0013
2488.00,0.0013
2487.00,0.0012
2486.00,0.0012
2485.00,0.0011
2484.00,0.0011
2483.00,0.0011
2482.00,0.0010
2481.00,0.0010
2480.00,0.0010
2479.00,0.0010
2478.00,0.0009
2477.00,0.0009
2476.00,0.0010
2475.00,0.0010
2474.00,0.0011
2473.00,0.0011
2472.00,0.0011
2471.00,0.0010
2470.00,0.0010
2469.00,0.0010
2468.00,0.0009
2467.00,0.0009
2466.00,0.0009
2465.00,0.0009
2464.00,0.0010
2463.00,0.0011
2462.00,0.0012
2461.00,0.0012
2460.00,0.0013
2459.00,0.0013
2458.00,0.0013
2457.00,0.0012
2456.00,0.0012
2455.00,0.0012
2454.00,0.0012
2453.00,0.0012
2452.00,0.0012
2451.00,0.0013
2450.00,0.0013
2449.00,0.0013
2448.00,0.0012
2447.00,0.0012
2446.00,0.0011
2445.00,0.0011
2444.00,0.0011
2443.00,0.0011
2442.00,0.0011
2441.00,0.0012
2440.00,0.0012
2439.00,0.0012
2438.00,0.0012
2437.00,0.0012
2436.00,0.0012
2435.00,0.0012
2434.00,0.0012
2433.00,0.0012
2432.00,0.0012
2431.00,0.0012
2430.00,0.0012
2429.00,0.0013
2428.00,0.0013
2427.00,0.0013
2426.00,0.0013
2425.00,0.0012
2424.00,0.0011
2423.00,0.0011
2422.00,0.0012
2421.00,0.0012
2420.00,0.0011
2419.00,0.0011
2418.00,0.0011
2417.00,0.0011
2416.00,0.0011
2415.00,0.0011
2414.00,0.0011
2413.00,0.0011
2412.00,0.0011
2411.00,0.0012
2410.00,0.0011
2409.00,0.0011
2408.00,0.0010
2407.00,0.0009
2406.00,0.0009
2405.00,0.0009
2404.00,0.0009
2403.00,0.0010
2402.00,0.0011
2401.00,0.0011
2400.00,0.0010
2399.00,0.0010
2398.00,0.0009
2397.00,0.0008
2396.00,0.0008
2395.00,0.0009
2394.00,0.0009
2393.00,0.0009
2392.00,0.0009
2391.00,0.0009
2390.00,0.0009
2389.00,0.0009
2388.00,0.0009
2387.00,0.0008
2386.00,0.0006
2385.00,0.0005
2384.00,0.0004
2383.00,0.0003
2382.00,0.0003
2381.00,0.0003
2380.00,0.0002
2379.00,0.0002
2378.00,0.0003
2377.00,0.0003
2376.00,0.0002
2375.00,0.0002
2374.00,0.0002
2373.00,0.0001
2372.00,0.0001
2371.00,0.0001
2370.00,0.0000
2369.00,-0.0000
2368.00,-0.0001
2367.00,-0.0002
2366.00,-0.0002
2365.00,-0.0001
2364.00,-0.0001
2363.00,-0.0000
2362.00,0.0000
2361.00,0.0001
2360.00,0.0001
2359.00,0.0001
2358.00,0.0001
2357.00,0.0001
2356.00,0.0002
2355.00,0.0001
2354.00,0.0001
2353.00,0.0001
2352.00,0.0001
2351.00,0.0001
2350.00,0.0001
2349.00,0.0001
2348.00,0.0001
2347.00,0.0001
2346.00,0.0001
2345.00,0.0001
2344.00,0.0002
2343.00,0.0003
2342.00,0.0003
2341.00,0.0004
2340.00,0.0004
2339.00,0.0004
2338.00,0.0004
2337.00,0.0005
2336.00,0.0006
2335.00,0.0006
2334.00,0.0006
2333.00,0.0005
2332.00,0.0005
2331.00,0.0005
2330.00,0.0005
2329.00,0.0006
2328.00,0.0008
2327.00,0.0011
2326.00,0.0015
2325.00,0.0019
2324.00,0.0021
2323.00,0.0020
2322.00,0.0018
2321.00,0.0015
2320.00,0.0013
2319.00,0.0012
2318.00,0.0011
2317.00,0.0010
2316.00,0.0009
2315.00,0.0007
2314.00,0.0006
2313.00,0.0006
2312.00,0.0006
2311.00,0.0007
2310.00,0.0007
2309.00,0.0007
2308.00,0.0007
2307.00,0.0008
2306.00,0.0009
2305.00,0.0009
2304.00,0.0009
2303.00,0.0009
2302.00,0.0010
2301.00,0.0010
2300.00,0.0011
2299.00,0.0011
2298.00,0.0011
2297.00,0.0011
2296.00,0.0012
2295.00,0.0013
2294.00,0.0013
2293.00,0.0014
2292.00,0.0014
2291.00,0.0015
2290.00,0.0015
2289.00,0.0016
2288.00,0.0016
2287.00,0.0017
2286.00,0.0017
2285.00,0.0017
2284.00,0.0016
2283.00,0.0015
2282.00,0.0014
2281.00,0.0013
2280.00,0.0013
2279.00,0.0013
2278.00,0.0014
2277.00,0.0013
2276.00,0.0013
2275.00,0.0012
2274.00,0.0012
2273.00,0.0013
2272.00,0.0014
2271.00,0.0014
2270.00,0.0013
2269.00,0.0012
2268.00,0.0011
2267.00,0.0010
2266.00,0.0009
2265.00,0.0009
2264.00,0.0010
2263.00,0.0011
2262.00,0.0012
2261.00,0.0012
2260.00,0.0011
2259.00,0.0011
2258.00,0.0010
2257.00,0.0010
2256.00,0.0010
2255.00,0.0010
2254.00,0.0009
2253.00,0.0009
2252.00,0.0008
2251.00,0.0008
2250.00,0.0007
2249.00,0.0007
2248.00,0.0007
2247.00,0.0007
2246.00,0.0007
2245.00,0.0007
2244.00,0.0009
2243.00,0.0010
2242.00,0.0012
2241.00,0.0012
2240.00,0.0012
2239.00,0.0010
2238.00,0.0009
2237.00,0.0008
2236.00,0.0008
2235.00,0.0008
2234.00,0.0007
2233.00,0.0006
2232.00,0.0006
2231.00,0.0006
2230.00,0.0007
2229.00,0.0007
2228.00,0.0008
2227.00,0.0007
2226.00,0.0006
2225.00,0.0006
2224.00,0.0005
2223.00,0.0005
2222.00,0.0005
2221.00,0.0005
2220.00,0.0006
2219.00,0.0007
2218.00,0.0007
2217.00,0.0008
2216.00,0.0008
2215.00,0.0008
2214.00,0.0009
2213.00,0.0010
2212.00,0.0010
2211.00,0.0009
2210.00,0.0008
2209.00,0.0008
2208.00,0.0007
2207.00,0.0006
2206.00,0.0006
2205.00,0.0005
2204.00,0.0005
2203.00,0.0005
2202.00,0.0004
2201.00,0.0003
2200.00,0.0003
2199.00,0.0004
2198.00,0.0006
2197.00,0.0007
2196.00,0.0009
2195.00,0.0009
2194.00,0.0009
2193.00,0.0007
2192.00,0.0005
2191.00,0.0004
2190.00,0.0005
2189.00,0.0007
2188.00,0.0007
2187.00,0.0007
2186.00,0.0006
2185.00,0.0005
2184.00,0.0004
2183.00,0.0002
2182.00,-0.0001
2181.00,-0.0003
2180.00,-0.0003
2179.00,-0.0002
2178.00,0.0001
2177.00,0.0003
2176.00,0.0004
2175.00,0.0004
2174.00,0.0003
2173.00,0.0003
2172.00,0.0004
2171.00,0.0008
2170.00,0.0013
2169.00,0.0018
2168.00,0.0020
2167.00,0.0020
2166.00,0.0018
2165.00,0.0017
2164.00,0.0017
2163.00,0.0017
2162.00,0.0014
2161.00,0.0005
2160.00,-0.0008
2159.00,-0.0021
2158.00,-0.0032
2157.00,-0.0038
2156.00,-0.0039
2155.00,-0.0038
2154.00,-0.0035
2153.00,-0.0030
2152.00,-0.0024
2151.00,-0.0018
2150.00,-0.0014
2149.00,-0.0013
2148.00,-0.0014
2147.00,-0.0016
2146.00,-0.0018
2145.00,-0.0018
2144.00,-0.0016
2143.00,-0.0013
2142.00,-0.0010
2141.00,-0.0009
2140.00,-0.0009
2139.00,-0.0010
2138.00,-0.0011
2137.00,-0.0012
2136.00,-0.0012
2135.00,-0.0013
2134.00,-0.0014
2133.00,-0.0016
2132.00,-0.0016
2131.00,-0.0015
2130.00,-0.0013
2129.00,-0.0011
2128.00,-0.0010
2127.00,-0.0009
2126.00,-0.0008
2125.00,-0.0007
2124.00,-0.0005
2123.00,-0.0005
2122.00,-0.0005
2121.00,-0.0005
2120.00,-0.0004
2119.00,-0.0003
2118.00,-0.0001
2117.00,0.0001
2116.00,0.0003
2115.00,0.0004
2114.00,0.0004
2113.00,0.0004
2112.00,0.0002
2111.00,0.0002
2110.00,0.0002
2109.00,0.0003
2108.00,0.0003
2107.00,0.0003
2106.00,0.0002
2105.00,0.0002
2104.00,0.0001
2103.00,0.0000
2102.00,-0.0001
2101.00,-0.0001
2100.00,-0.0000
2099.00,-0.0000
2098.00,-0.0000
2097.00,-0.0001
2096.00,-0.0002
2095.00,-0.0003
2094.00,-0.0004
2093.00,-0.0004
2092.00,-0.0004
2091.00,-0.0004
2090.00,-0.0003
2089.00,-0.0002
2088.00,-0.0002
2087.00,-0.0001
2086.00,-0.0001
2085.00,-0.0001
2084.00,0.0000
2083.00,0.0001
2082.00,0.0002
2081.00,0.0002
2080.00,0.0003
2079.00,0.0004
2078.00,0.0005
2077.00,0.0006
2076.00,0.0006
2075.00,0.0007
2074.00,0.0006
2073.00,0.0004
2072.00,0.0002
2071.00,-0.0001
2070.00,-0.0002
2069.00,-0.0003
2068.00,-0.0003
2067.00,-0.0003
2066.00,-0.0003
2065.00,-0.0001
2064.00,0.0001
2063.00,0.0002
2062.00,0.0003
2061.00,0.0003
2060.00,0.0003
2059.00,0.0003
2058.00,0.0003
2057.00,0.0003
2056.00,0.0002
2055.00,0.0001
2054.00,0.0002
2053.00,0.0007
2052.00,0.0014
2051.00,0.0019
2050.00,0.0019
2049.00,0.0014
2048.00,0.0006
2047.00,0.0000
2046.00,-0.0002
2045.00,-0.0003
2044.00,-0.0003
2043.00,-0.0003
2042.00,-0.0005
2041.00,-0.0007
2040.00,-0.0008
2039.00,-0.0008
2038.00,-0.0006
2037.00,-0.0005
2036.00,-0.0004
2035.00,-0.0004
2034.00,-0.0003
2033.00,-0.0002
2032.00,-0.0001
2031.00,-0.0001
2030.00,-0.0004
2029.00,-0.0008
2028.00,-0.0011
2027.00,-0.0012
2026.00,-0.0010
2025.00,-0.0008
2024.00,-0.0006
2023.00,-0.0006
2022.00,-0.0007
2021.00,-0.0007
2020.00,-0.0006
2019.00,-0.0006
2018.00,-0.0006
2017.00,-0.0006
2016.00,-0.0005
2015.00,-0.0005
2014.00,-0.0005
2013.00,-0.0007
2012.00,-0.0010
2011.00,-0.0013
2010.00,-0.0014
2009.00,-0.0013
2008.00,-0.0012
2007.00,-0.0012
2006.00,-0.0013
2005.00,-0.0013
2004.00,-0.0012
2003.00,-0.0011
2002.00,-0.0011
2001.00,-0.0012
2000.00,-0.0013
1999.00,-0.0014
1998.00,-0.0015
1997.00,-0.0014
1996.00,-0.0014
1995.00,-0.0013
1994.00,-0.0012
1993.00,-0.0009
1992.00,-0.0006
1991.00,-0.0004
1990.00,-0.0003
1989.00,-0.0003
1988.00,-0.0003
1987.00,-0.0001
1986.00,0.0000
1985.00,0.0003
1984.00,0.0005
1983.00,0.0008
1982.00,0.0011
1981.00,0.0012
1980.00,0.0008
1979.00,0.0000
1978.00,-0.0009
1977.00,-0.0016
1976.00,-0.0019
1975.00,-0.0021
1974.00,-0.0021
1973.00,-0.0022
1972.00,-0.0022
1971.00,-0.0022
1970.00,-0.0021
1969.00,-0.0017
1968.00,-0.0013
1967.00,-0.0010
1966.00,-0.0009
1965.00,-0.0009
1964.00,-0.0011
1963.00,-0.0014
1962.00,-0.0015
1961.00,-0.0015
1960.00,-0.0015
1959.00,-0.0015
1958.00,-0.0015
1957.00,-0.0015
1956.00,-0.0015
1955.00,-0.0015
1954.00,-0.0015
1953.00,-0.0015
1952.00,-0.0015
1951.00,-0.0014
1950.00,-0.0014
1949.00,-0.0013
1948.00,-0.0012
1947.00,-0.0014
1946.00,-0.0016
1945.00,-0.0018
1944.00,-0.0020
1943.00,-0.0020
1942.00,-0.0019
1941.00,-0.0016
1940.00,-0.0014
1939.00,-0.0012
1938.00,-0.0011
1937.00,-0.0011
1936.00,-0.0011
1935.00,-0.0011
1934.00,-0.0011
1933.00,-0.0010
1932.00,-0.0010
1931.00,-0.0011
1930.00,-0.0011
1929.00,-0.0011
1928.00,-0.0009
1927.00,-0.0008
1926.00,-0.0007
1925.00,-0.0007
1924.00,-0.0007
1923.00,-0.0006
1922.00,-0.0004
1921.00,-0.0003
1920.00,-0.0003
1919.00,-0.0003
1918.00,-0.0003
1917.00,-0.0002
1916.00,-0.0001
1915.00,-0.0001
1914.00,-0.0000
1913.00,-0.0001
1912.00,-0.0001
1911.00,-0.0002
1910.00,-0.0003
1909.00,-0.0003
1908.00,-0.0002
1907.00,-0.0002
1906.00,-0.0002
1905.00,-0.0001
1904.00,-0.0001
1903.00,-0.0001
1902.00,-0.0001
1901.00,-0.0002
1900.00,-0.0002
1899.00,-0.0002
1898.00,-0.0001
1897.00,-0.0001
1896.00,-0.0001
1895.00,-0.0001
1894.00,-0.0001
1893.00,-0.0002
1892.00,-0.0002
1891.00,-0.0002
1890.00,-0.0002
1889.00,-0.0002
1888.00,-0.0001
1887.00,-0.0000
1886.00,0.0000
1885.00,0.0001
1884.00,0.0000
1883.00,-0.0000
1882.00,-0.0000
1881.00,-0.0000
1880.00,-0.0000
1879.00,0.0000
1878.00,0.0000
1877.00,0.0001
1876.00,0.0001
1875.00,0.0001
1874.00,0.0001
1873.00,0.0001
1872.00,0.0001
1871.00,-0.0000
1870.00,-0.0001
1869.00,-0.0001
1868.00,0.0000
1867.00,0.0000
1866.00,0.0000
1865.00,-0.0000
1864.00,-0.0001
1863.00,-0.0001
1862.00,-0.0001
1861.00,-0.0000
1860.00,0.0001
1859.00,0.0001
1858.00,0.0001
1857.00,0.0002
1856.00,0.0001
1855.00,0.0001
1854.00,0.0000
1853.00,-0.0000
1852.00,-0.0001
1851.00,-0.0001
1850.00,-0.0001
1849.00,-0.0000
1848.00,0.0001
1847.00,0.0001
1846.00,0.0002
1845.00,0.0002
1844.00,0.0002
1843.00,0.0002
1842.00,0.0002
1841.00,0.0002
1840.00,0.0002
1839.00,0.0001
1838.00,0.0001
1837.00,0.0000
1836.00,0.0000
1835.00,0.0001
1834.00,0.0002
1833.00,0.0002
1832.00,0.0002
1831.00,0.0002
1830.00,0.0003
1829.00,0.0003
1828.00,0.0003
1827.00,0.0002
1826.00,0.0002
1825.00,0.0002
1824.00,0.0002
1823.00,0.0002
1822.00,0.0002
1821.00,0.0002
1820.00,0.0002
1819.00,0.0001
1818.00,-0.0000
1817.00,-0.0001
1816.00,-0.0001
1815.00,-0.0000
1814.00,0.0001
1813.00,0.0002
1812.00,0.0002
1811.00,0.0003
1810.00,0.0003
1809.00,0.0004
1808.00,0.0004
1807.00,0.0004
1806.00,0.0003
1805.00,0.0003
1804.00,0.0003
1803.00,0.0004
1802.00,0.0004
1801.00,0.0004
1800.00,0.0004
1799.00,0.0004
1798.00,0.0004
1797.00,0.0004
1796.00,0.0004
1795.00,0.0005
1794.00,0.0005
1793.00,0.0005
1792.00,0.0006
1791.00,0.0006
1790.00,0.0007
1789.00,0.0007
1788.00,0.0008
1787.00,0.0008
1786.00,0.0008
1785.00,0.0008
1784.00,0.0008
1783.00,0.0008
1782.00,0.0008
1781.00,0.0008
1780.00,0.0007
1779.00,0.0007
1778.00,0.0007
1777.00,0.0007
1776.00,0.0007
1775.00,0.0008
1774.00,0.0008
1773.00,0.0009
1772.00,0.0010
1771.00,0.0010
1770.00,0.0010
1769.00,0.0011
1768.00,0.0010
1767.00,0.0010
1766.00,0.0010
1765.00,0.0009
1764.00,0.0010
1763.00,0.0010
1762.00,0.0011
1761.00,0.0011
1760.00,0.0011
1759.00,0.0012
1758.00,0.0012
1757.00,0.0013
1756.00,0.0014
1755.00,0.0014
1754.00,0.0014
1753.00,0.0014
1752.00,0.0015
1751.00,0.0015
1750.00,0.0016
1749.00,0.0017
1748.00,0.0018
1747.00,0.0018
1746.00,0.0019
1745.00,0.0019
1744.00,0.0019
1743.00,0.0019
1742.00,0.0019
1741.00,0.0019
1740.00,0.0019
1739.00,0.0019
1738.00,0.0019
1737.00,0.0019
1736.00,0.0020
1735.00,0.0021
1734.00,0.0021
1733.00,0.0021
1732.00,0.0021
1731.00,0.0020
1730.00,0.0020
1729.00,0.0021
1728.00,0.0022
1727.00,0.0022
1726.00,0.0023
1725.00,0.0023
1724.00,0.0023
1723.00,0.0022
1722.00,0.0022
1721.00,0.0022
1720.00,0.0022
1719.00,0.0023
1718.00,0.0023
1717.00,0.0023
1716.00,0.0022
1715.00,0.0021
1714.00,0.0020
1713.00,0.0020
1712.00,0.0020
1711.00,0.0021
1710.00,0.0021
1709.00,0.0020
1708.00,0.0020
1707.00,0.0020
1706.00,0.0020
1705.00,0.0021
1704.00,0.0021
1703.00,0.0022
1702.00,0.0022
1701.00,0.0022
1700.00,0.0022
1699.00,0.0022
1698.00,0.0022
1697.00,0.0022
1696.00,0.0022
1695.00,0.0023
1694.00,0.0023
1693.00,0.0023
1692.00,0.0024
1691.00,0.0024
1690.00,0.0024
1689.00,0.0024
1688.00,0.0025
1687.00,0.0025
1686.00,0.0025
1685.00,0.0026
1684.00,0.0027
1683.00,0.0026
1682.00,0.0026
1681.00,0.0026
1680.00,0.0026
1679.00,0.0026
1678.00,0.0026
1677.00,0.0026
1676.00,0.0027
1675.00,0.0028
1674.00,0.0028
1673.00,0.0028
1672.00,0.0028
1671.00,0.0028
1670.00,0.0028
1669.00,0.0029
1668.00,0.0029
1667.00,0.0030
1666.00,0.0031
1665.00,0.0031
1664.00,0.0032
1663.00,0.0032
1662.00,0.0031
1661.00,0.0031
1660.00,0.0031
1659.00,0.0032
1658.00,0.0032
1657.00,0.0033
1656.00,0.0033
1655.00,0.0033
1654.00,0.0033
1653.00,0.0034
1652.00,0.0034
1651.00,0.0035
1650.00,0.0035
1649.00,0.0036
1648.00,0.0037
1647.00,0.0038
1646.00,0.0038
1645.00,0.0038
1644.00,0.0039
1643.00,0.0040
1642.00,0.0040
1641.00,0.0041
1640.00,0.0042
1639.00,0.0042
1638.00,0.0043
1637.00,0.0043
1636.00,0.0044
1635.00,0.0043
1634.00,0.0043
1633.00,0.0042
1632.00,0.0041
1631.00,0.0041
1630.00,0.0040
1629.00,0.0040
1628.00,0.0040
1627.00,0.0040
1626.00,0.0039
1625.00,0.0039
1624.00,0.0038
1623.00,0.0038
1622.00,0.0038
1621.00,0.0038
1620.00,0.0039
1619.00,0.0039
1618.00,0.0038
1617.00,0.0038
1616.00,0.0038
1615.00,0.0038
1614.00,0.0037
1613.00,0.0037
1612.00,0.0037
1611.00,0.0038
1610.00,0.0038
1609.00,0.0038
1608.00,0.0038
1607.00,0.0038
1606.00,0.0038
1605.00,0.0038
1604.00,0.0038
1603.00,0.0038
1602.00,0.0037
1601.00,0.0037
1600.00,0.0037
1599.00,0.0037
1598.00,0.0037
1597.00,0.0037
1596.00,0.0037
1595.00,0.0037
1594.00,0.0037
1593.00,0.0038
1592.00,0.0038
1591.00,0.0039
1590.00,0.0039
1589.00,0.0040
1588.00,0.0041
1587.00,0.0042
1586.00,0.0043
1585.00,0.0045
1584.00,0.0047
1583.00,0.0050
1582.00,0.0052
1581.00,0.0055
1580.00,0.0058
1579.00,0.0059
1578.00,0.0061
1577.00,0.0062
1576.00,0.0062
1575.00,0.0061
1574.00,0.0060
1573.00,0.0058
1572.00,0.0057
1571.00,0.0056
1570.00,0.0054
1569.00,0.0052
1568.00,0.0051
1567.00,0.0050
1566.00,0.0049
1565.00,0.0049
1564.00,0.0048
1563.00,0.0048
1562.00,0.0047
1561.00,0.0046
1560.00,0.0046
1559.00,0.0046
1558.00,0.0046
1557.00,0.0046
1556.00,0.0047
1555.00,0.0047
1554.00,0.0048
1553.00,0.0049
1552.00,0.0050
1551.00,0.0051
1550.00,0.0053
1549.00,0.0055
1548.00,0.0057
1547.00,0.0059
1546.00,0.0061
1545.00,0.0064
1544.00,0.0067
1543.00,0.0069
1542.00,0.0071
1541.00,0.0073
1540.00,0.0074
1539.00,0.0071
1538.00,0.0068
1537.00,0.0066
1536.00,0.0064
1535.00,0.0061
1534.00,0.0058
1533.00,0.0055
1532.00,0.0052
1531.00,0.0050
1530.00,0.0049
1529.00,0.0049
1528.00,0.0049
1527.00,0.0048
1526.00,0.0048
1525.00,0.0047
1524.00,0.0048
1523.00,0.0048
1522.00,0.0048
1521.00,0.0048
1520.00,0.0049
1519.00,0.0049
1518.00,0.0049
1517.00,0.0049
1516.00,0.0050
1515.00,0.0050
1514.00,0.0050
1513.00,0.0051
1512.00,0.0052
1511.00,0.0052
1510.00,0.0053
1509.00,0.0054
1508.00,0.0055
1507.00,0.0056
1506.00,0.0056
1505.00,0.0056
1504.00,0.0057
1503.00,0.0058
1502.00,0.0060
1501.00,0.0062
1500.00,0.0065
1499.00,0.0067
1498.00,0.0069
1497.00,0.0073
1496.00,0.0076
1495.00,0.0079
1494.00,0.0081
1493.00,0.0084
1492.00,0.0087
1491.00,0.0090
1490.00,0.0094
1489.00,0.0099
1488.00,0.0105
1487.00,0.0110
1486.00,0.0115
1485.00,0.0122
1484.00,0.0130
1483.00,0.0138
1482.00,0.0147
1481.00,0.0159
1480.00,0.0171
1479.00,0.0184
1478.00,0.0199
1477.00,0.0220
1476.00,0.0245
1475.00,0.0275
1474.00,0.0314
1473.00,0.0369
1472.00,0.0434
1471.00,0.0496
1470.00,0.0556
1469.00,0.0619
1468.00,0.0688
1467.00,0.0763
1466.00,0.0847
1465.00,0.0937
1464.00,0.1016
1463.00,0.1072
1462.00,0.1108
1461.00,0.1134
1460.00,0.1152
1459.00,0.1165
1458.00,0.1178
1457.00,0.1189
1456.00,0.1193
1455.00,0.1190
1454.00,0.1183
1453.00,0.1170
1452.00,0.1148
1451.00,0.1115
1450.00,0.1068
1449.00,0.1000
1448.00,0.0912
1447.00,0.0816
1446.00,0.0727
1445.00,0.0649
1444.00,0.0582
1443.00,0.0526
1442.00,0.0483
1441.00,0.0453
1440.00,0.0433
1439.00,0.0423
1438.00,0.0420
1437.00,0.0416
1436.00,0.0403
1435.00,0.0378
1434.00,0.0344
1433.00,0.0304
1432.00,0.0263
1431.00,0.0226
1430.00,0.0197
1429.00,0.0175
1428.00,0.0159
1427.00,0.0149
1426.00,0.0142
1425.00,0.0136
1424.00,0.0131
1423.00,0.0128
1422.00,0.0126
1421.00,0.0123
1420.00,0.0120
1419.00,0.0117
1418.00,0.0115
1417.00,0.0112
1416.00,0.0108
1415.00,0.0107
1414.00,0.0105
1413.00,0.0104
1412.00,0.0103
1411.00,0.0102
1410.00,0.0102
1409.00,0.0102
1408.00,0.0100
1407.00,0.0100
1406.00,0.0101
1405.00,0.0101
1404.00,0.0101
1403.00,0.0102
1402.00,0.0103
1401.00,0.0104
1400.00,0.0105
1399.00,0.0107
1398.00,0.0109
1397.00,0.0111
1396.00,0.0114
1395.00,0.0118
1394.00,0.0123
1393.00,0.0128
1392.00,0.0133
1391.00,0.0141
1390.00,0.0151
1389.00,0.0165
1388.00,0.0185
1387.00,0.0215
1386.00,0.0258
1385.00,0.0313
1384.00,0.0389
1383.00,0.0495
1382.00,0.0635
1381.00,0.0812
1380.00,0.1028
1379.00,0.1271
1378.00,0.1503
1377.00,0.1669
1376.00,0.1721
1375.00,0.1630
1374.00,0.1424
1373.00,0.1178
1372.00,0.0954
1371.00,0.0769
1370.00,0.0622
1369.00,0.0510
1368.00,0.0432
1367.00,0.0384
1366.00,0.0357
1365.00,0.0347
1364.00,0.0349
1363.00,0.0360
1362.00,0.0378
1361.00,0.0398
1360.00,0.0412
1359.00,0.0417
1358.00,0.0407
1357.00,0.0384
1356.00,0.0352
1355.00,0.0315
1354.00,0.0279
1353.00,0.0249
1352.00,0.0224
1351.00,0.0204
1350.00,0.0188
1349.00,0.0174
1348.00,0.0162
1347.00,0.0152
1346.00,0.0144
1345.00,0.0137
1344.00,0.0131
1343.00,0.0126
1342.00,0.0122
1341.00,0.0119
1340.00,0.0117
1339.00,0.0115
1338.00,0.0114
1337.00,0.0113
1336.00,0.0113
1335.00,0.0115
1334.00,0.0117
1333.00,0.0121
1332.00,0.0124
1331.00,0.0127
1330.00,0.0129
1329.00,0.0129
1328.00,0.0126
1327.00,0.0122
1326.00,0.0117
1325.00,0.0111
1324.00,0.0106
1323.00,0.0102
1322.00,0.0099
1321.00,0.0096
1320.00,0.0093
1319.00,0.0091
1318.00,0.0089
1317.00,0.0088
1316.00,0.0087
1315.00,0.0086
1314.00,0.0086
1313.00,0.0086
1312.00,0.0088
1311.00,0.0091
1310.00,0.0096
1309.00,0.0104
1308.00,0.0114
1307.00,0.0128
1306.00,0.0141
1305.00,0.0150
1304.00,0.0152
1303.00,0.0148
1302.00,0.0140
1301.00,0.0133
1300.00,0.0127
1299.00,0.0125
1298.00,0.0123
1297.00,0.0122
1296.00,0.0121
1295.00,0.0118
1294.00,0.0115
1293.00,0.0111
1292.00,0.0106
1291.00,0.0102
1290.00,0.0098
1289.00,0.0094
1288.00,0.0091
1287.00,0.0089
1286.00,0.0086
1285.00,0.0085
1284.00,0.0083
1283.00,0.0082
1282.00,0.0081
1281.00,0.0081
1280.00,0.0080
1279.00,0.0079
1278.00,0.0079
1277.00,0.0078
1276.00,0.0078
1275.00,0.0078
1274.00,0.0079
1273.00,0.0079
1272.00,0.0080
1271.00,0.0082
1270.00,0.0083
1269.00,0.0086
1268.00,0.0089
1267.00,0.0092
1266.00,0.0097
1265.00,0.0101
1264.00,0.0106
1263.00,0.0110
1262.00,0.0115
1261.00,0.0119
1260.00,0.0125
1259.00,0.0131
1258.00,0.0138
1257.00,0.0144
1256.00,0.0147
1255.00,0.0144
1254.00,0.0137
1253.00,0.0126
1252.00,0.0114
1251.00,0.0105
1250.00,0.0097
1249.00,0.0092
1248.00,0.0088
1247.00,0.0085
1246.00,0.0083
1245.00,0.0081
1244.00,0.0079
1243.00,0.0078
1242.00,0.0077
1241.00,0.0075
1240.00,0.0074
1239.00,0.0074
1238.00,0.0074
1237.00,0.0074
1236.00,0.0074
1235.00,0.0075
1234.00,0.0076
1233.00,0.0076
1232.00,0.0076
1231.00,0.0076
1230.00,0.0076
1229.00,0.0077
1228.00,0.0078
1227.00,0.0080
1226.00,0.0082
1225.00,0.0085
1224.00,0.0088
1223.00,0.0092
1222.00,0.0095
1221.00,0.0097
1220.00,0.0098
1219.00,0.0099
1218.00,0.0098
1217.00,0.0096
1216.00,0.0094
1215.00,0.0092
1214.00,0.0089
1213.00,0.0087
1212.00,0.0085
1211.00,0.0083
1210.00,0.0081
1209.00,0.0080
1208.00,0.0078
1207.00,0.0077
1206.00,0.0077
1205.00,0.0078
1204.00,0.0078
1203.00,0.0078
1202.00,0.0078
1201.00,0.0077
1200.00,0.0076
1199.00,0.0076
1198.00,0.0077
1197.00,0.0078
1196.00,0.0078
1195.00,0.0078
1194.00,0.0078
1193.00,0.0079
1192.00,0.0079
1191.00,0.0080
1190.00,0.0080
1189.00,0.0079
1188.00,0.0079
1187.00,0.0079
1186.00,0.0080
1185.00,0.0081
1184.00,0.0083
1183.00,0.0085
1182.00,0.0087
1181.00,0.0090
1180.00,0.0094
1179.00,0.0099
1178.00,0.0106
1177.00,0.0115
1176.00,0.0128
1175.00,0.0145
1174.00,0.0169
1173.00,0.0199
1172.00,0.0236
1171.00,0.0278
1170.00,0.0318
1169.00,0.0351
1168.00,0.0371
1167.00,0.0374
1166.00,0.0363
1165.00,0.0341
1164.00,0.0316
1163.00,0.0292
1162.00,0.0271
1161.00,0.0253
1160.00,0.0240
1159.00,0.0229
1158.00,0.0221
1157.00,0.0215
1156.00,0.0210
1155.00,0.0206
1154.00,0.0202
1153.00,0.0198
1152.00,0.0193
1151.00,0.0186
1150.00,0.0176
1149.00,0.0165
1148.00,0.0155
1147.00,0.0146
1146.00,0.0137
1145.00,0.0130
1144.00,0.0122
1143.00,0.0115
1142.00,0.0109
1141.00,0.0104
1140.00,0.0099
1139.00,0.0095
1138.00,0.0091
1137.00,0.0088
1136.00,0.0084
1135.00,0.0082
1134.00,0.0080
1133.00,0.0079
1132.00,0.0078
1131.00,0.0077
1130.00,0.0077
1129.00,0.0078
1128.00,0.0078
1127.00,0.0079
1126.00,0.0080
1125.00,0.0081
1124.00,0.0081
1123.00,0.0081
1122.00,0.0080
1121.00,0.0081
1120.00,0.0082
1119.00,0.0083
1118.00,0.0085
1117.00,0.0087
1116.00,0.0089
1115.00,0.0090
1114.00,0.0091
1113.00,0.0093
1112.00,0.0095
1111.00,0.0097
1110.00,0.0100
1109.00,0.0104
1108.00,0.0108
1107.00,0.0113
1106.00,0.0119
1105.00,0.0125
1104.00,0.0130
1103.00,0.0132
1102.00,0.0131
1101.00,0.0128
1100.00,0.0122
1099.00,0.0117
1098.00,0.0112
1097.00,0.0108
1096.00,0.0105
1095.00,0.0102
1094.00,0.0099
1093.00,0.0095
1092.00,0.0092
1091.00,0.0090
1090.00,0.0090
1089.00,0.0090
1088.00,0.0091
1087.00,0.0091
1086.00,0.0090
1085.00,0.0089
1084.00,0.0088
1083.00,0.0087
1082.00,0.0086
1081.00,0.0086
1080.00,0.0085
1079.00,0.0084
1078.00,0.0084
1077.00,0.0083
1076.00,0.0083
1075.00,0.0083
1074.00,0.0083
1073.00,0.0083
1072.00,0.0082
1071.00,0.0081
1070.00,0.0080
1069.00,0.0079
1068.00,0.0079
1067.00,0.0079
1066.00,0.0081
1065.00,0.0082
1064.00,0.0083
1063.00,0.0084
1062.00,0.0084
1061.00,0.0086
1060.00,0.0087
1059.00,0.0089
1058.00,0.0091
1057.00,0.0092
1056.00,0.0094
1055.00,0.0096
1054.00,0.0098
1053.00,0.0100
1052.00,0.0103
1051.00,0.0107
1050.00,0.0112
1049.00,0.0118
1048.00,0.0123
1047.00,0.0128
1046.00,0.0132
1045.00,0.0135
1044.00,0.0136
1043.00,0.0135
1042.00,0.0132
1041.00,0.0129
1040.00,0.0126
1039.00,0.0125
1038.00,0.0125
1037.00,0.0125
1036.00,0.0125
1035.00,0.0124
1034.00,0.0121
1033.00,0.0119
1032.00,0.0117
1031.00,0.0116
1030.00,0.0117
1029.00,0.0118
1028.00,0.0120
1027.00,0.0121
1026.00,0.0122
1025.00,0.0123
1024.00,0.0125
1023.00,0.0126
1022.00,0.0129
1021.00,0.0132
1020.00,0.0134
1019.00,0.0136
1018.00,0.0138
1017.00,0.0139
1016.00,0.0140
1015.00,0.0141
1014.00,0.0141
1013.00,0.0142
1012.00,0.0142
1011.00,0.0143
1010.00,0.0145
1009.00,0.0147
1008.00,0.0150
1007.00,0.0155
1006.00,0.0163
1005.00,0.0175
1004.00,0.0194
1003.00,0.0221
1002.00,0.0258
1001.00,0.0305
1000.00,0.0357
999.00,0.0402
998.00,0.0426
997.00,0.0420
996.00,0.0386
995.00,0.0336
994.00,0.0283
993.00,0.0237
992.00,0.0201
991.00,0.0175
990.00,0.0157
989.00,0.0145
988.00,0.0137
987.00,0.0133
986.00,0.0131
985.00,0.0131
984.00,0.0135
983.00,0.0142
982.00,0.0153
981.00,0.0170
980.00,0.0194
979.00,0.0226
978.00,0.0266
977.00,0.0315
976.00,0.0370
975.00,0.0425
974.00,0.0469
973.00,0.0489
972.00,0.0477
971.00,0.0433
970.00,0.0370
969.00,0.0305
968.00,0.0248
967.00,0.0205
966.00,0.0174
965.00,0.0152
964.00,0.0136
963.00,0.0124
962.00,0.0115
961.00,0.0108
960.00,0.0102
959.00,0.0097
958.00,0.0093
957.00,0.0090
956.00,0.0088
955.00,0.0086
954.00,0.0084
953.00,0.0082
952.00,0.0081
951.00,0.0080
950.00,0.0079
949.00,0.0079
948.00,0.0079
947.00,0.0079
946.00,0.0079
945.00,0.0080
944.00,0.0082
943.00,0.0085
942.00,0.0088
941.00,0.0090
940.00,0.0090
939.00,0.0089
938.00,0.0086
937.00,0.0082
936.00,0.0078
935.00,0.0074
934.00,0.0071
933.00,0.0068
932.00,0.0066
931.00,0.0064
930.00,0.0063
929.00,0.0062
928.00,0.0062
927.00,0.0062
926.00,0.0062
925.00,0.0061
924.00,0.0060
923.00,0.0060
922.00,0.0059
921.00,0.0058
920.00,0.0059
919.00,0.0059
918.00,0.0061
917.00,0.0062
916.00,0.0062
915.00,0.0063
914.00,0.0063
913.00,0.0064
912.00,0.0065
911.00,0.0067
910.00,0.0069
909.00,0.0071
908.00,0.0074
907.00,0.0078
906.00,0.0083
905.00,0.0092
904.00,0.0105
903.00,0.0120
902.00,0.0137
901.00,0.0152
900.00,0.0162
899.00,0.0164
898.00,0.0157
897.00,0.0145
896.00,0.0129
895.00,0.0115
894.00,0.0102
893.00,0.0093
892.00,0.0086
891.00,0.0081
890.00,0.0078
889.00,0.0075
888.00,0.0074
887.00,0.0072
886.00,0.0072
885.00,0.0071
884.00,0.0071
883.00,0.0070
882.00,0.0069
881.00,0.0069
880.00,0.0070
879.00,0.0070
878.00,0.0071
877.00,0.0071
876.00,0.0071
875.00,0.0072
874.00,0.0072
873.00,0.0072
872.00,0.0073
871.00,0.0074
870.00,0.0075
869.00,0.0076
868.00,0.0078
867.00,0.0079
866.00,0.0081
865.00,0.0081
864.00,0.0081
863.00,0.0081
862.00,0.0081
861.00,0.0082
860.00,0.0082
859.00,0.0083
858.00,0.0085
857.00,0.0088
856.00,0.0091
855.00,0.0095
854.00,0.0097
853.00,0.0100
852.00,0.0103
851.00,0.0107
850.00,0.0112
849.00,0.0120
848.00,0.0130
847.00,0.0146
846.00,0.0170
845.00,0.0208
844.00,0.0264
843.00,0.0334
842.00,0.0396
841.00,0.0423
840.00,0.0400
839.00,0.0339
838.00,0.0269
837.00,0.0212
836.00,0.0176
835.00,0.0156
834.00,0.0143
833.00,0.0134
832.00,0.0127
831.00,0.0122
830.00,0.0118
829.00,0.0115
828.00,0.0112
827.00,0.0108
826.00,0.0106
825.00,0.0104
824.00,0.0104
823.00,0.0105
822.00,0.0106
821.00,0.0108
820.00,0.0111
819.00,0.0114
818.00,0.0118
817.00,0.0124
816.00,0.0131
815.00,0.0141
814.00,0.0153
813.00,0.0168
812.00,0.0185
811.00,0.0201
810.00,0.0213
809.00,0.0218
808.00,0.0215
807.00,0.0203
806.00,0.0188
805.00,0.0172
804.00,0.0158
803.00,0.0147
802.00,0.0139
801.00,0.0133
800.00,0.0127
799.00,0.0122
798.00,0.0118
797.00,0.0115
796.00,0.0110
795.00,0.0104
794.00,0.0098
793.00,0.0094
792.00,0.0091
791.00,0.0090
790.00,0.0089
789.00,0.0087
788.00,0.0083
787.00,0.0079
786.00,0.0074
785.00,0.0072
784.00,0.0070
783.00,0.0070
782.00,0.0069
781.00,0.0068
780.00,0.0066
779.00,0.0064
778.00,0.0062
777.00,0.0062
776.00,0.0064
775.00,0.0065
774.00,0.0066
773.00,0.0066
772.00,0.0065
771.00,0.0064
770.00,0.0064
769.00,0.0063
768.00,0.0063
767.00,0.0063
766.00,0.0063
765.00,0.0063
764.00,0.0063
763.00,0.0064
762.00,0.0066
761.00,0.0067
760.00,0.0068
759.00,0.0068
758.00,0.0068
757.00,0.0067
756.00,0.0067
755.00,0.0067
754.00,0.0067
753.00,0.0068
752.00,0.0070
751.00,0.0074
750.00,0.0077
749.00,0.0079
748.00,0.0081
747.00,0.0082
746.00,0.0084
745.00,0.0085
744.00,0.0086
743.00,0.0087
742.00,0.0089
741.00,0.0092
740.00,0.0094
739.00,0.0097
738.00,0.0100
737.00,0.0104
736.00,0.0108
735.00,0.0114
734.00,0.0119
733.00,0.0124
732.00,0.0130
731.00,0.0137
730.00,0.0142
729.00,0.0143
728.00,0.0143
727.00,0.0143
726.00,0.0145
725.00,0.0150
724.00,0.0155
723.00,0.0160
722.00,0.0166
721.00,0.0169
720.00,0.0167
719.00,0.0161
718.00,0.0151
717.00,0.0140
716.00,0.0131
715.00,0.0122
714.00,0.0116
713.00,0.0109
712.00,0.0104
711.00,0.0099
710.00,0.0096
709.00,0.0095
708.00,0.0095
707.00,0.0095
706.00,0.0095
705.00,0.0094
704.00,0.0092
703.00,0.0092
702.00,0.0092
701.00,0.0092
700.00,0.0092
699.00,0.0090
698.00,0.0089
697.00,0.0088
696.00,0.0088
695.00,0.0088
694.00,0.0088
693.00,0.0088
692.00,0.0089
691.00,0.0089
690.00,0.0089
689.00,0.0089
688.00,0.0089
687.00,0.0089
686.00,0.0088
685.00,0.0087
684.00,0.0086
683.00,0.0087
682.00,0.0087
681.00,0.0087
680.00,0.0086
679.00,0.0086
678.00,0.0087
677.00,0.0089
676.00,0.0090
675.00,0.0091
674.00,0.0093
673.00,0.0095
672.00,0.0097
671.00,0.0100
670.00,0.0104
669.00,0.0108
668.00,0.0109
667.00,0.0104
666.00,0.0096
665.00,0.0091
664.00,0.0088
663.00,0.0087
662.00,0.0085
661.00,0.0084
660.00,0.0084
659.00,0.0084
658.00,0.0082
657.00,0.0079
656.00,0.0077
655.00,0.0076
654.00,0.0077
653.00,0.0078
652.00,0.0080
651.00,0.0081
650.00,0.0081
649.00,0.0080
648.00,0.0080
647.00,0.0081
646.00,0.0082
645.00,0.0082
644.00,0.0080
643.00,0.0079
642.00,0.0077
641.00,0.0077
640.00,0.0078
639.00,0.0078
638.00,0.0079
637.00,0.0079
636.00,0.0079
635.00,0.0078
634.00,0.0077
633.00,0.0078
632.00,0.0080
631.00,0.0082
630.00,0.0083
629.00,0.0082
628.00,0.0080
627.00,0.0078
626.00,0.0079
625.00,0.0080
624.00,0.0082
623.00,0.0082
622.00,0.0082
621.00,0.0081
620.00,0.0080
619.00,0.0079
618.00,0.0080
617.00,0.0081
616.00,0.0081
615.00,0.0081
614.00,0.0080
613.00,0.0079
612.00,0.0079
611.00,0.0079
610.00,0.0079
609.00,0.0079
608.00,0.0079
607.00,0.0080
606.00,0.0083
605.00,0.0084
604.00,0.0085
603.00,0.0083
602.00,0.0081
601.00,0.0079
600.00,0.0078
599.00,0.0078
598.00,0.0079
597.00,0.0080
596.00,0.0083
595.00,0.0085
594.00,0.0085
593.00,0.0080
592.00,0.0076
591.00,0.0074
590.00,0.0076
589.00,0.0078
588.00,0.0078
587.00,0.0078
586.00,0.0080
585.00,0.0083
584.00,0.0085
583.00,0.0084
582.00,0.0082
581.00,0.0080
580.00,0.0078
579.00,0.0079
578.00,0.0079
577.00,0.0080
576.00,0.0080
575.00,0.0082
574.00,0.0084
573.00,0.0084
572.00,0.0083
571.00,0.0080
570.00,0.0079
569.00,0.0077
568.00,0.0076
567.00,0.0075
566.00,0.0075
565.00,0.0075
564.00,0.0075
563.00,0.0074
562.00,0.0075
561.00,0.0078
560.00,0.0082
559.00,0.0086
558.00,0.0090
557.00,0.0091
556.00,0.0092
555.00,0.0091
554.00,0.0089
553.00,0.0087
552.00,0.0086
551.00,0.0085
550.00,0.0084
549.00,0.0084
548.00,0.0083
547.00,0.0083
546.00,0.0084
545.00,0.0085
544.00,0.0087
543.00,0.0089
542.00,0.0095
541.00,0.0102
540.00,0.0109
539.00,0.0115
538.00,0.0118
537.00,0.0117
536.00,0.0112
535.00,0.0108
534.00,0.0109
533.00,0.0111
532.00,0.0112
531.00,0.0112
530.00,0.0113
529.00,0.0115
528.00,0.0116
527.00,0.0113
526.00,0.0106
525.00,0.0097
524.00,0.0090
523.00,0.0084
522.00,0.0081
521.00,0.0078
520.00,0.0077
519.00,0.0079
518.00,0.0082
517.00,0.0084
516.00,0.0084
515.00,0.0083
514.00,0.0082
513.00,0.0081
512.00,0.0080
511.00,0.0078
510.00,0.0077
509.00,0.0080
508.00,0.0086
507.00,0.0091
506.00,0.0093
505.00,0.0092
504.00,0.0091
503.00,0.0091
502.00,0.0090
501.00,0.0088
500.00,0.0088
499.00,0.0089
498.00,0.0092
497.00,0.0092
496.00,0.0090
495.00,0.0086
494.00,0.0080
493.00,0.0077
492.00,0.0078
491.00,0.0085
490.00,0.0094
489.00,0.0099
488.00,0.0100
487.00,0.0100
486.00,0.0101
485.00,0.0103
484.00,0.0105
483.00,0.0107
482.00,0.0107
481.00,0.0102
480.00,0.0094
479.00,0.0090
478.00,0.0094
477.00,0.0104
476.00,0.0115
475.00,0.0123
474.00,0.0124
473.00,0.0119
472.00,0.0112
471.00,0.0112
470.00,0.0119
469.00,0.0132
468.00,0.0146
467.00,0.0158
466.00,0.0166
465.00,0.0168
464.00,0.0169
463.00,0.0177
462.00,0.0191
461.00,0.0204
460.00,0.0208
459.00,0.0203
458.00,0.0196
457.00,0.0194
456.00,0.0197
455.00,0.0202
454.00,0.0205
453.00,0.0203
452.00,0.0194
451.00,0.0182
450.00,0.0171
